"species","iucn","GE","has_assembly","ED","ED_equal","EDGE","EDGE2","SeqDef","Priority","rank_EDGE","rank_EDGE2","rank_SeqDef","rank_Priority"
"Rhinobatos_jimbaranensis","CR",4,0,25.947519935038,25.932282236125,6.06647999068634,16.6473104621637,0.891967058919478,14.2714729427117,49,48,66,1
"Rhinobatos_annandalei","CR",4,0,31.8922194708713,29.46152369075,6.26582486179581,22.490281332237,0.891967058918421,14.2714729426947,35,31,67,2
"Acroteriobatus_variegatus","CR",4,0,31.8922194708713,29.46152369075,6.26582486179581,22.490281332237,0.891967058918421,14.2714729426947,35,31,67,2
"Rhinobatos_schlegelii","CR",4,0,29.3872599917046,39.046291694,6.18661216359348,8.35070549276502,0.891967056817744,14.2714729090839,42,82,71,4
"Rhinobatos_irvinei","CR",4,0,25.947518935038,25.932281236125,6.06647995357717,16.6473094933637,0.891967056805058,14.2714729088809,50,49,74,5
"Rhinobatos_rhinobatos","CR",4,0,25.1832831627046,18.5516153538125,6.03770988214306,1.59139601045791,0.891967056800829,14.2714729088133,56,170,75,6
"Rhinobatos_lionotus","CR",4,0,33.2667559348046,35.567491351725,6.30676439169065,17.198330850675,0.891967056794697,14.2714729087152,30,46,77,7
"Rhinobatos_albomaculatus","CR",4,0,20.894448761538,11.7866981201563,5.85882184572213,2.77622357755675,0.891967056790257,14.2714729086441,80,137,80,8
"Centrophorus_atromarginatus","CR",4,0,29.3353126300316,37.3723488378281,6.18490118949924,16.2859465383953,0.886516729342674,14.1842676694828,43,52,89,9
"Anoxypristis_cuspidata","CR",4,0,70.8460790347624,77.524633691625,7.0471147617345,64.9945052188356,0.835033281266345,13.3605325002615,2,1,162,10
"Squatina_argentina","CR",4,0,15.8226816478984,12.7777346139596,5.59531679617523,4.8414355680472,0.804833671239863,12.8773387398378,102,109,322,11
"Squatina_legnota","CR",4,0,21.352287866645,20.1229298346191,5.87951740345837,10.3907830218394,0.804833671236304,12.8773387397809,76,71,323,12
"Squatina_oculata","CR",4,0,23.1926032993984,20.5581163479191,5.95863565989712,14.3614089314177,0.804833671230156,12.8773387396825,69,59,326,13
"Squatina_japonica","CR",4,0,27.073983773645,23.6254967716191,6.1074320253666,17.6980887810769,0.804833671229833,12.8773387396773,45,44,327,14
"Glaucostegus_granulatus","CR",4,0,34.5176405559624,36.9415329988125,6.34261821236811,28.7312362538375,0.800809765342176,12.8129562454748,23,16,336,15
"Glaucostegus_halavi","CR",4,0,34.5176405559624,36.9415329988125,6.34261821236811,28.7312362538375,0.800809765342176,12.8129562454748,23,17,336,15
"Glaucostegus_obtusus","CR",4,0,54.2039346459624,57.0631504278125,6.7836229528007,48.3995857282258,0.79661634949403,12.7458615919045,5,4,344,17
"Pristis_pristis","CR",4,0,54.5781684572624,60.7413238358125,6.79037919274133,48.7576126494684,0.792219854789643,12.6755176766343,4,3,361,18
"Rhynchobatus_springeri","CR",4,0,49.994852422114,74.11170657425,6.70431341697031,38.8546934660081,0.791465215977821,12.6634434556451,8,10,362,19
"Atlantoraja_castelnaui","CR",4,0,35.5910669873678,37.6187793016078,6.37239286147344,24.794317029464,0.78744424356011,12.5991078969618,22,26,368,20
"Squatina_armata","CR",4,0,24.0771585790996,27.1500759297383,5.99454613729194,13.9876992160497,0.782082046063155,12.5133127370105,62,60,370,21
"Squatina_occulta","CR",4,0,16.9510508471829,7.99433775134228,5.66023737847904,4.12111750159863,0.782082046059627,12.513312736954,94,117,371,22
"Sympterygia_acuta","CR",4,0,28.1956847822315,27.0376974835447,6.14660963916284,16.5916015026591,0.780695489682067,12.4911278349131,44,50,379,23
"Carcharias_taurus","CR",4,0,73.0270555398844,83.7423307427344,7.07701936402677,64.72988284348,0.774522510335081,12.3923601653613,1,2,399,24
"Paratrygon_aiereba","CR",4,0,39.18527791133,50.7404862736289,6.46608942967823,34.294729449512,0.772268722697925,12.3562995631668,19,14,418,25
"Pastinachus_stellurostris","CR",4,0,39.5521169168985,39.225925530002,6.47517670654087,19.6209311351903,0.770324747385499,12.325195958168,17,40,421,26
"Pristis_clavata","CR",4,0,47.9202980492624,47.3562656009063,6.66278112562528,42.1093626934594,0.762888591431247,12.2062174629,9,6,430,27
"Glaucostegus_thouin","CR",4,0,31.8948044442958,25.2159023319531,6.26590344791422,26.1160138325081,0.761251190293851,12.1800190447016,32,23,431,28
"Glaucostegus_typus","CR",4,0,31.8948044442958,25.2159023319531,6.26590344791422,26.1160138325081,0.761251190293851,12.1800190447016,32,23,431,28
"Squatina_aculeata","CR",4,0,31.5403369695996,30.0001992212383,6.25506917952713,24.0511427533895,0.741354019796487,11.8616643167438,38,27,436,30
"Pristis_zijsron","CR",4,0,44.8861797037624,37.6296181399531,6.59875269818925,39.0781978801518,0.741014278707868,11.8562284593259,11,8,437,31
"Urotrygon_reticulata","CR",4,0,21.9513442832301,23.3293012027661,5.9059652314636,11.1941620334161,0.731509886963904,11.7041581914225,72,67,440,32
"Urotrygon_microphthalmum","CR",4,0,19.7085021094801,11.6945091976331,5.80313306811123,3.43200284381549,0.731509886959725,11.7041581913556,85,124,444,33
"Cephaloscyllium_silasi","CR",4,0,31.893191930519,37.4937833560605,6.26585442639462,25.801033460328,0.721423016135145,11.5427682581623,34,25,452,34
"Cephaloscyllium_sarawakensis","CR",4,0,13.4448919779478,7.67158260554564,5.44292957796787,5.82349909946913,0.721423016099381,11.5427682575901,118,99,456,35
"Cephaloscyllium_albipinnum","CR",4,0,13.4448919779478,7.67158260554564,5.44292957796787,5.82349909946913,0.721423016099381,11.5427682575901,118,99,456,35
"Cephaloscyllium_fasciatum","CR",4,0,12.3910785888645,6.93013870209129,5.36717743051834,0.631265391281414,0.721423016097226,11.5427682575556,136,220,461,37
"Rhinoptera_marginata","CR",4,0,25.2268608067392,22.9591128912978,6.03937282945732,6.47464894096024,0.699111257470426,11.1857801195268,55,96,485,38
"Mobula_tarapacana","CR",4,0,25.0727770384059,20.0668873821729,6.03348046689052,11.7504730818138,0.695612133991514,11.1297941438642,58,66,521,39
"Mobula_thurstoni","CR",4,0,25.9195885589059,33.5821124993457,6.065442943055,13.0404564464222,0.695612129350468,11.1297940696075,51,65,522,40
"Gymnura_tentaculata","CR",4,0,51.233352574199,52.7935038178828,6.72830995129731,23.6938667569178,0.69106707607821,11.0570732172514,7,29,525,41
"Rhynchobatus_laevis","CR",4,0,23.674608515114,23.6939832395625,5.97836344178459,4.64976736186273,0.670003489688858,10.7200558350217,67,111,538,42
"Aetomylaeus_vespertilio","CR",4,0,55.6108464512868,54.7612639873457,6.80878932250454,35.4927804880849,0.641094025869156,10.2575044139065,3,12,551,43
"Rhynchobatus_luebberti","CR",4,0,23.2465586814473,24.1951816785625,5.96086341950968,7.28817875420604,0.63419221528595,10.1470754445752,68,92,556,44
"Squatina_squatina","CR",4,1,31.5403369695996,30.0001992212383,6.25506917952713,24.0511427533895,0.615884458925356,9.8541513428057,38,27,564,45
"Rhynchobatus_djiddensis","CR",4,0,21.4333548194473,13.1333087282812,5.88313762799815,5.47673993737347,0.607984938198025,9.7277590111684,74,103,568,46
"Myliobatis_aquila","CR",4,0,24.2064446511893,21.6630381816614,5.99968842418779,13.967419073546,0.602041159413629,9.63265855061806,61,61,573,47
"Myliobatis_ridens","CR",4,0,26.6233667078643,28.9538688523228,6.0912507566326,14.9213955035188,0.602041153539319,9.6326584566291,46,55,578,48
"Hemitriakis_leucoperiptera","CR",4,0,15.7995197633178,11.7105362035097,5.59393902272362,4.0714072411829,0.600004056582596,9.60006490532153,103,118,580,49
"Triakis_maculata","CR",4,0,24.5024482733131,26.7742325690388,6.01136318051359,10.6172823099816,0.600004050646714,9.60006481034743,59,70,587,50
"Rhynchobatus_australiae","CR",4,1,21.4333548194473,13.1333087282812,5.88313762799815,5.47673993737347,0.591880258212242,9.47008413139587,74,103,611,51
"Mobula_mobular","CR",4,0,31.5550666759059,37.8087213378457,6.25552173702683,16.3871279596138,0.588724913179826,9.41959861087722,37,51,617,52
"Pristis_pectinata","CR",4,1,44.8861797037624,37.6296181399531,6.59875269818925,39.0781978801518,0.582080812528954,9.31329300046327,11,8,619,53
"Glaucostegus_cemiculus","CR",4,1,46.0566886192958,45.2729078139063,6.62394173798242,40.2641122629768,0.582080809615268,9.31329295384429,10,7,620,54
"Pseudoginglymostoma_brevicaudatum","CR",4,0,44.4580549411352,47.9398826223047,6.58937875358814,19.7257334126994,0.576691546166332,9.22706473866131,13,38,624,55
"Torpedo_suessii","CR",4,1,40.6436765231981,45.3256018109336,6.50173825515326,20.4954729372714,0.568936379961793,9.1029820793887,16,36,633,56
"Mustelus_fasciatus","CR",4,0,11.8883016850295,9.93186382945691,5.32890877605196,3.38645650118438,0.507464355458979,8.11942968734366,139,125,667,57
"Mustelus_mento","CR",4,0,17.0738218145295,19.7994077244138,5.6670533050082,11.0230500179466,0.507464355444855,8.11942968711768,91,68,669,58
"Mustelus_whitneyi","CR",4,0,26.0967334456545,32.6721326253276,6.07200190579954,22.096313951992,0.498993021177726,7.98388833884362,48,35,681,59
"Platyrhina_sinensis","EN",3,0,82.6918723779061,70.5203439679375,6.50658341025373,13.317670075922,0.993378149635267,7.94702519708214,15,64,4,60
"Zapteryx_brevirostris","EN",3,0,44.9826333529506,37.8770193696875,5.90770533107892,2.44084106059578,0.976326303643485,7.81061042914788,71,142,13,61
"Narcine_prodorsalis","EN",3,0,51.5901064503036,65.5118082132344,6.04196955343389,9.09826514368044,0.937435452407857,7.49948361926285,54,78,33,62
"Hongeo_koreana","CR",4,0,24.3545190799038,26.5824943518914,6.00554570384105,18.0084784972652,0.448250568463445,7.17200909541512,60,43,706,63
"Dipturus_batis","CR",4,0,10.9814896862254,7.93585649172786,5.2559516549616,2.75853242560754,0.448250560657432,7.17200897051891,143,138,718,64
"Dipturus_mennii","CR",4,0,9.48505548005595,6.98186280635348,5.12253967795362,4.29015333624721,0.448250560652738,7.1720089704438,156,115,725,65
"Rhinobatos_penggali","EN",3,0,20.894449761538,11.7866991201562,5.16567471083586,1.54017245219195,0.891967058904677,7.13573647123742,153,172,69,66
"Rhinobatos_hynnicephalus","EN",3,0,26.4301823062046,20.7072779035,5.39108549284148,1.40423333264442,0.891967056817744,7.13573645454195,130,177,71,67
"Acroteriobatus_leucospilus","EN",3,0,35.078470490538,37.696179456625,5.66513784380656,10.358370364756,0.891967056794486,7.13573645435588,92,72,78,68
"Centrophorus_squamosus","EN",3,0,22.9401845880316,19.497006842207,5.25499995222403,4.91839645659452,0.88651673153815,7.0921338523052,144,108,82,69
"Centrophorus_granulosus","EN",3,0,18.0515099460316,10.6107151241035,5.02658790237034,0.739483262014206,0.886516731529412,7.0921338522353,182,208,85,70
"Centrophorus_isodon","EN",3,0,19.2402595503649,15.227541721707,5.08711520965151,2.36000633729836,0.886516729344858,7.09213383475887,165,143,86,71
"Centrophorus_harrissoni","EN",3,0,19.2402595503649,15.227541721707,5.08711520965151,2.36000633729836,0.886516729344858,7.09213383475887,165,143,86,71
"Centrophorus_tessellatus","EN",3,0,30.8578847763649,40.0654677948281,5.54072645275765,9.39371278942252,0.886516729338305,7.09213383470644,109,75,91,73
"Torpedo_adenensis","EN",3,0,77.4749843323885,92.6018595357344,6.44222144475684,29.8173410400133,0.870041649623234,6.96033319698587,21,15,98,74
"Oxynotus_centrina","EN",3,0,19.5790867172838,12.9369354410173,5.10371689390395,1.68261063991163,0.866121186117982,6.92896948894386,160,162,109,75
"Urolophus_orarius","EN",3,0,16.8341927478012,13.4713449274536,4.960559097218,0.839955081321267,0.835803257171937,6.6864260573755,191,200,144,76
"Mustelus_schmitti","CR",4,0,13.1232249085116,20.1721468776638,5.42040932118126,7.432789702744,0.416841012598461,6.66945620157537,124,91,750,77
"Echinorhinus_brucus","EN",3,0,48.7959633126814,85.1603123228125,5.98737546444678,18.632157658232,0.825028969516403,6.60023175613123,65,42,201,78
"Gymnura_zonura","EN",3,0,62.132543175699,66.8576357428828,6.22467791798896,22.5911928800382,0.814623096457874,6.51698477166299,41,30,217,79
"Halaelurus_buergeri","EN",3,0,17.0760145896764,17.6785808338835,4.97402744035824,0.266888598981004,0.808113735271248,6.46490988216999,187,278,235,80
"Holohalaelurus_punctatus","EN",3,0,45.1321733698097,60.2309755544678,5.91095215216119,13.7205777175317,0.808113732107531,6.46490985686025,70,62,238,81
"Holohalaelurus_favus","EN",3,0,38.8716745028097,41.4638180467339,5.76510770125837,9.70509482863233,0.808113732104338,6.4649098568347,88,73,242,82
"Haploblepharus_edwardsii","EN",3,0,19.967117402143,14.2472706464335,5.12239691420452,1.44735865716995,0.808113732104338,6.4649098568347,157,176,244,83
"Squatina_nebulosa","EN",3,0,18.101412311145,11.7528684688096,5.02920381699066,2.85550714946758,0.804833671236304,6.43866936989043,180,134,323,84
"Squatina_formosa","EN",3,0,18.101412311145,11.7528684688096,5.02920381699066,2.85550714946758,0.804833671236304,6.43866936989043,180,134,323,84
"Squatina_tergocellatoides","EN",3,0,27.073983773645,23.6254967716191,5.41428484480666,8.55738742196891,0.804833671229833,6.43866936983866,127,80,327,86
"Odontaspis_ferox","EN",3,0,34.1211457378129,24.4737575400772,5.63824493342865,6.21156285452876,0.80270125192726,6.42161001541808,99,97,330,87
"Alopias_pelagicus","EN",3,0,35.3261585803129,34.4249245851543,5.67197964547443,7.24162610242853,0.802701251910944,6.42161001528756,90,93,332,88
"Gymnura_altavela","EN",3,0,43.932246329199,39.3046231164414,5.88459725971065,8.28212734318469,0.800447836928717,6.40358269542974,73,83,341,89
"Atlantoraja_platana","EN",3,0,30.4353794423678,26.2610977108039,5.52737553413925,7.68160277810763,0.787444247019493,6.29955397615595,111,89,366,90
"Atlantoraja_cyclophora","EN",3,0,30.4353794423678,26.2610977108039,5.52737553413925,7.68160277810763,0.787444247019493,6.29955397615595,111,89,366,90
"Squatina_guggenheim","EN",3,0,16.9510508461829,7.99433775034228,4.96709019786339,2.05781180361023,0.782082046056098,6.25665636844879,189,151,374,92
"Urogymnus_asperrimus","EN",3,0,69.7134768789152,79.1226172760078,6.33807771705185,26.1310305064894,0.776895433561669,6.21516346849335,25,22,395,93
"Himantura_leoparda","EN",3,0,48.4539104975819,53.8596200810039,5.98048267645168,13.3262145923845,0.776895430024069,6.21516344019255,66,63,396,94
"Himantura_undulata","EN",3,0,42.4392580470819,35.213469525002,5.85080513721218,9.28221345679935,0.776895430020474,6.21516344016379,81,76,397,95
"Himantura_uarnak","EN",3,0,42.4392580470819,35.213469525002,5.85080513721218,9.28221345679935,0.776895430020474,6.21516344016379,81,76,397,95
"Potamotrygon_yepezi","EN",3,0,26.2723024669078,26.6545211942536,5.38531316720297,8.48071575778656,0.772268726343079,6.17814981074463,131,81,402,97
"Potamotrygon_tigrina","EN",3,0,19.2984401103244,15.2742939559384,5.08998558291915,4.1778593651449,0.772268722699387,6.17814978159509,164,116,416,98
"Pastinachus_solocirostris","EN",3,0,39.5521169168985,39.225925530002,5.78202952598093,9.70304934968629,0.770324747385499,6.162597979084,87,74,421,99
"Pastinachus_gracilicaudus","EN",3,0,34.3869168973985,34.060725510502,5.64578371433882,3.46720481114902,0.77032474737814,6.16259797902512,97,123,423,100
"Eusphyra_blochii","CR",4,0,41.3195077611339,46.5082731256444,6.51783687836901,37.8758626126527,0.374691654098422,5.99506646557475,14,11,777,101
"Urotrygon_venezuelae","EN",3,0,18.2439850150301,10.7107299766665,5.03664008683404,1.91678534827452,0.731509886955128,5.85207909564103,178,155,445,102
"Sphyrna_lewini","CR",4,0,31.3873184113529,31.9958401828306,6.25035566136132,26.6410329334865,0.365289693389063,5.844635094225,40,19,779,103
"Sphyrna_corona","CR",4,0,25.4113636051029,25.5249534939153,6.04638307936674,19.6962013204778,0.365289693344605,5.84463509351368,53,39,780,104
"Sphyrna_tudes","CR",4,0,21.0897663852696,15.9913130687288,5.86770316402827,14.6509874568429,0.365289693344605,5.84463509351368,78,56,780,104
"Sphyrna_media","CR",4,0,21.0897663852696,15.9913130687288,5.86770316402827,14.6509874568429,0.365289693344605,5.84463509351368,78,56,780,104
"Galeorhinus_galeus","CR",4,1,53.0598161249343,59.1587999451553,6.76267986176773,46.616490217369,0.361256559387627,5.78010495020204,6,5,786,107
"Torpedo_bauchotae","EN",3,0,35.0170565475314,29.7159647799668,5.66343416091847,5.25411201304019,0.718208732730685,5.74566986184548,93,107,466,108
"Aetomylaeus_maculatus","EN",3,0,68.5114635962868,73.6459392746914,6.32093322448031,26.4678240991875,0.700883786880597,5.60707029504478,29,20,478,109
"Torpedo_mackayana","EN",3,0,31.4598360531981,24.0551035189668,5.55944505302026,1.19737003226472,0.699164606499851,5.59331685199881,105,186,480,110
"Rhinoptera_javanica","EN",3,0,26.8985510367392,29.0847914955957,5.40801629499148,2.12394554872324,0.699111257479619,5.59289005983695,128,149,482,111
"Rhinoptera_jayakari","EN",3,0,28.8022467497392,26.5344988342978,5.47402532663574,5.72291013128234,0.699111257470426,5.59289005976341,116,101,483,112
"Bathyraja_griseocauda","EN",3,0,16.0453483216289,16.4194414154049,4.91531888247474,5.2606568154863,0.697985786719951,5.58388629375961,197,106,509,113
"Aetobatus_flagellum","EN",3,0,69.2680029219059,72.1691988727656,6.33175808641328,22.316953865326,0.697488909462908,5.57991127570327,26,33,520,114
"Mobula_kuhlii","EN",3,0,25.0727760384059,20.0668863821729,5.3403332479764,8.20471357759575,0.695612129350468,5.56489703480374,138,85,522,115
"Dasyatis_hypostigma","EN",3,0,52.567002973841,58.701959600951,6.06037480402748,18.7468757078574,0.69215468836724,5.53723750693792,52,41,524,116
"Glyphis_gangeticus","CR",4,0,26.1620497433615,27.3793550698118,6.07440949127855,19.8711208004772,0.329340752121046,5.26945203393674,47,37,790,117
"Isurus_paucus","EN",3,0,49.102892686051,41.9019170880459,5.9935202863484,14.9946087635464,0.64032239137919,5.12257913103352,63,53,552,118
"Hemitriakis_japanica","EN",3,0,15.7995197633178,11.7105362035097,4.90079184216368,3.1170889656173,0.600004056582596,4.80003245266077,199,129,580,119
"Hemitriakis_indroyonoi","EN",3,0,23.5400268877178,30.1433927690388,5.27974707663102,6.72069557331231,0.600004056576725,4.8000324526138,141,95,582,120
"Triakis_scyllium","EN",3,0,33.9219465866464,42.5920928380776,5.63255701527417,10.727603889524,0.600004050646714,4.80003240517371,100,69,587,121
"Triakis_acutipinna","EN",3,0,22.6178538553131,16.9807080165194,5.24144448698785,3.07671374354548,0.6000040506291,4.8000324050328,145,130,589,122
"Squalus_mitsukurii","EN",3,0,8.6297238878394,3.84810757896553,4.34429609499568,1.17419556588792,0.594498500502663,4.7559880040213,301,187,592,123
"Squalus_chloroculus","EN",3,0,8.1538555931394,2.81843601228277,4.29361670851259,0.77767159023109,0.594498500500286,4.75598800400229,305,204,594,124
"Squalus_japonicus","EN",3,0,9.92232027222226,5.79404343693713,4.47024996856733,0.993301713529443,0.594498500499097,4.75598800399278,284,191,596,125
"Squalus_formosus","EN",3,0,9.93557178024607,9.21867666312427,4.47146248344439,1.90843970691828,0.594498494556956,4.75598795645565,283,156,602,126
"Squalus_brevirostris","EN",3,0,10.0150711628723,6.14213317164927,4.47870598245547,0.0684330249150104,0.594498494556362,4.7559879564509,277,362,606,127
"Torpedo_panthera","EN",3,0,29.8927534145314,24.5916616469668,5.50996318075097,0.984214073524696,0.582101754428234,4.65681403542587,113,192,618,128
"Hemipristis_elongata","EN",3,0,65.6260183310466,68.9288312163053,6.27853670856756,27.6193179811479,0.573147474187574,4.58517979350059,31,18,627,129
"Paragaleus_tengi","EN",3,0,18.5233967785608,11.418756784197,5.051055122821,1.68155744803461,0.573147474150273,4.58517979320218,176,163,628,130
"Paragaleus_pectoralis","EN",3,0,18.5233967785608,11.418756784197,5.051055122821,1.68155744803461,0.573147474150273,4.58517979320218,176,163,628,130
"Mustelus_mustelus","EN",3,0,14.7005292267557,13.7421027335722,4.83313596217653,4.35404600098018,0.552553159963873,4.42042527971099,207,114,635,132
"Mustelus_griseus","EN",3,0,15.5274378012366,13.9914869310722,4.88446343854858,4.47499138136951,0.552553159957391,4.42042527965913,202,113,637,133
"Mustelus_minicanis","EN",3,0,10.48740269957,7.3410566520361,4.52069255921217,0.483132045023295,0.552553159944428,4.42042527955542,263,236,640,134
"Isogomphodon_oxyrhynchus","CR",4,0,15.6988278859068,16.544985575364,5.58792725272666,7.90722937137041,0.268191753954826,4.29106806327721,104,88,806,135
"Carcharhinus_porosus","CR",4,0,13.1068944953234,18.371757110228,5.41925237141593,6.92545083216433,0.268191753944685,4.29106806311496,125,94,807,136
"Leucoraja_melitensis","CR",4,0,13.5808994809215,12.3154758225352,5.45230113971034,3.19393519378119,0.266675014190639,4.26680022705022,117,128,811,137
"Mustelus_higmani","EN",3,0,11.8883016850295,9.93186382945691,4.63576159549202,1.82471520008198,0.507464355458979,4.05971484367183,243,157,667,138
"Cetorhinus_maximus","EN",3,1,68.7540860562177,72.7146311303672,6.32441754211663,26.3773322605643,0.504196922839117,4.03357538271294,28,21,680,139
"Aetobatus_narinari","EN",3,1,69.2680029219059,72.1691988727656,6.33175808641328,22.316953865326,0.497260138222807,3.97808110578246,26,33,682,140
"Platyrhina_tangi","VU",2,0,82.6918723779061,70.5203439679375,5.81343622969378,2.00940188654296,0.993378149635267,3.97351259854107,84,154,4,141
"Platyrhina_hyugaensis","VU",2,0,103.664482282906,110.989483595875,6.03705418823371,3.70113900892671,0.993378149627172,3.97351259850869,57,120,7,142
"Zapteryx_exasperata","VU",2,0,62.5209520159506,70.964246675375,5.53766416560311,2.05315534489774,0.976326303651716,3.90530521460687,110,152,11,143
"Zapteryx_xyster","VU",2,0,44.9826333529506,37.8770193696875,5.21455815051898,0.63844230390218,0.976326303643485,3.90530521457394,147,219,13,144
"Aptychotrema_timorensis","VU",2,0,44.3031587510006,34.9817856802375,5.19967112078055,0.630699370891492,0.97632630364153,3.90530521456612,149,221,15,145
"Zanobatus_schoenleinii","VU",2,0,160.567876426184,172.1810074965,6.47121970295519,8.21015573373,0.961621349164516,3.84648539665806,18,84,19,146
"Mobula_hypostoma","EN",3,1,26.7905919834059,22.4891369664229,5.40413908723708,3.37983287815783,0.480356604062873,3.84285283250298,129,126,692,147
"Cirrhoscyllium_formosanum","VU",2,0,36.4904647856827,52.2886403503288,5.01038098938176,0.354529326038749,0.95828673880339,3.83314695521356,183,256,23,148
"Narcine_leoparda","VU",2,0,51.6630625479702,45.3247380103672,5.35020867050365,1.3038311412556,0.945167826555503,3.78067130622201,137,180,26,149
"Narcine_brevilabiata","VU",2,0,55.5380161733036,59.7239128277344,5.42120762563329,1.5134938854709,0.945167826544065,3.78067130617626,122,173,28,150
"Narcine_lingula","VU",2,0,55.5380161713036,59.7239128257344,5.42120762559792,1.5134938853683,0.945167826541205,3.78067130616482,123,174,29,151
"Narcine_maculata","VU",2,0,58.9916327589702,65.2872436067344,5.48049945960021,2.05307316048935,0.945167826535485,3.78067130614194,114,153,30,152
"Narcine_timlei","VU",2,0,44.1759206354136,35.9497870867272,5.19685857670239,0.37344889419259,0.937435453929728,3.74974181571891,150,251,31,153
"Narcine_entemedor","VU",2,0,44.1759206343036,35.9497870856172,5.19685857667782,0.373448894135647,0.93743545392803,3.74974181571212,151,252,32,154
"Benthobatis_kreffti","VU",2,0,40.5599321746007,40.6128116288672,5.11343089536211,0.0701589031290012,0.933196565510226,3.7327862620409,159,358,34,155
"Benthobatis_yangi","VU",2,0,55.2650706486007,55.3179501028672,5.41636828896135,1.57822717436931,0.933196565508642,3.73278626203457,126,171,36,156
"Notorynchus_cepedianus","VU",2,0,81.1711403222026,116.217518075625,5.79509851056439,2.97873310281022,0.929677918877267,3.71871167550907,86,131,38,157
"Isurus_oxyrinchus","EN",3,1,49.102892686051,41.9019170880459,5.9935202863484,14.9946087635464,0.462266540043621,3.69813232034897,63,53,694,158
"Diplobatis_guamachensis","VU",2,0,38.8405563417219,31.3887653138672,5.07117975813944,0.0765083278271459,0.923717683841858,3.69487073536743,170,348,39,159
"Diplobatis_colombiensis","VU",2,0,38.8405563417219,31.3887653138672,5.07117975813944,0.0765083278271459,0.923717683841858,3.69487073536743,170,348,39,159
"Rhincodon_typus","EN",3,1,34.7386736656352,38.2205013468047,5.65567494007995,0.616492018236357,0.451805266013242,3.61444212810594,95,222,698,161
"Brachaelurus_colcloughi","VU",2,0,63.7787669367304,74.7215226546094,5.55727224005287,1.7095332995825,0.901553946322257,3.60621578528903,107,161,43,162
"Chimaera_phantasma","VU",2,0,38.2767762387712,31.3588389355469,5.05692776992374,0.577694731274482,0.897569291788549,3.5902771671542,175,225,56,163
"Hydrolagus_matallanasi","VU",2,0,43.3099403589617,47.3845139746875,5.17750340033539,0.708853638897938,0.89756929178038,3.59027716712152,152,209,59,164
"Beringraja_pulchra","EN",3,0,23.1703175034871,23.7532386931414,5.26456687257238,5.53182346287297,0.448250568483005,3.58600454786404,142,102,702,165
"Dipturus_trachydermus","EN",3,0,9.30764530761883,7.11758429314446,4.41232742445019,0.263669014901174,0.448250560684034,3.58600448547227,293,283,707,166
"Dipturus_nidarosiensis","EN",3,0,13.2758639170551,13.6505792076614,4.73801181497422,2.77885815982084,0.448250560661344,3.58600448529076,221,136,712,167
"Zearaja_maugeana","EN",3,0,12.7755718847188,11.1963904402445,4.70233841198908,3.62239233779786,0.448250560661344,3.58600448529076,226,121,713,168
"Zearaja_chilensis","EN",3,0,12.4841422367188,9.54225428812223,4.68095588755125,3.373273856614,0.448250560661344,3.58600448529076,230,127,713,168
"Dipturus_canutus","EN",3,0,9.11158796085595,6.60839528715348,4.3931236307122,1.60511227140878,0.448250560649608,3.58600448519687,296,168,729,170
"Acroteriobatus_annulatus","VU",2,0,26.4301833062046,20.7072789035,4.69793834873773,0.513055598222523,0.891967058932165,3.56786823572866,228,232,65,171
"Deania_quadrispinosa","VU",2,0,28.0695334085316,47.4825178976563,4.75598502494376,0.217663395412768,0.88651673153815,3.5460669261526,219,292,82,172
"Centrophorus_moluccensis","VU",2,0,29.3353126300316,37.3723488378281,4.79860682837935,1.07177772277533,0.886516729342674,3.5460669173707,212,188,89,173
"Scymnodon_ringens","VU",2,0,25.5208067652172,24.0538821920691,4.66422394698605,0.600955219695895,0.866121186142452,3.46448474456981,234,223,103,174
"Centroscymnus_owstonii","VU",2,0,25.5208067642172,24.0538821910691,4.66422394694834,0.600955219644595,0.866121186140005,3.46448474456002,235,224,104,175
"Oxynotus_paradoxus","VU",2,0,24.8122324276172,20.6356330610346,4.63714286578711,0.681475157902063,0.866121186132664,3.46448474453066,241,212,105,176
"Oxynotus_japonicus","VU",2,0,25.5543317712838,21.9442900900346,4.66548725072674,0.814670015406992,0.86612118612777,3.46448474451108,232,201,108,177
"Rostroraja_alba","EN",3,0,43.3989329552867,48.5027537441706,5.87265697829064,17.660182663832,0.430541088800433,3.44432871040347,77,45,742,178
"Schroederichthys_saurisqualus","VU",2,0,30.3239148486853,37.0668556856211,4.8306762196,0.455220400276424,0.860617754168995,3.44247101667598,208,243,111,179
"Dalatias_licha","VU",2,0,53.3020666721993,59.8763156114883,5.380856647597,2.14492492998125,0.838900582404248,3.35560232961699,134,148,128,180
"Urolophus_bucculentus","VU",2,0,27.8183777036794,43.8992764266289,4.74730765946426,0.143841319355819,0.835803257163426,3.3432130286537,220,312,145,181
"Urolophus_aurantiacus","VU",2,0,32.2657652835961,41.5539745858145,4.89082315971862,1.29529018308959,0.83580325435468,3.34321301741872,201,182,150,182
"Urolophus_sufflavus","VU",2,0,11.1108607517921,5.22399099475358,3.88039699392878,0.040798804325907,0.835803254339644,3.34321301735857,398,397,157,183
"Urolophus_viridis","VU",2,0,16.8341917478012,13.4713439274536,4.26741186058599,0.154750530485167,0.835803254334821,3.34321301733928,310,308,159,184
"Carcharhinus_borneensis","CR",4,0,20.5087198984743,19.6812576210785,5.84104715182263,17.0196698173243,0.207748921872565,3.32398274996104,83,47,841,185
"Carcharhinus_hemiodon","CR",4,0,12.5918819401298,11.0726799996392,5.38206142058948,5.90976890433052,0.207748910903641,3.32398257445825,133,98,853,186
"Etmopterus_spinax","VU",2,0,12.795862122192,7.85007223342208,4.01066306210222,0.218548627516529,0.825490487146973,3.30196194858789,371,291,194,187
"Narke_dipterygia","VU",2,0,22.076625029915,9.0431077643959,4.5251145628608,0.0206248459533125,0.817945002445436,3.27178000978174,262,467,203,188
"Temera_hardwickii","VU",2,0,27.186688505315,33.8597552301836,4.72514418879994,0.428028447674081,0.817945002445129,3.27178000978052,222,247,205,189
"Narke_japonica","VU",2,0,22.630823859315,17.6847894725918,4.54884631668406,0.0774600584949244,0.817945002445129,3.27178000978052,258,347,205,189
"Gymnura_poecilura","VU",2,0,39.3008154690324,42.7212869564414,5.08266606483139,0.953437534324479,0.814623096457874,3.2584923858315,167,196,217,191
"Gymnura_japonica","VU",2,0,39.0871605701324,30.4394576643207,5.07735045887868,0.931526406543801,0.814623096433619,3.25849238573447,168,197,219,192
"Raja_radula","EN",3,0,16.4817698819234,17.5939576851328,4.94060015860789,2.95216938618013,0.404891932472482,3.23913545977986,193,132,757,193
"Halaelurus_boesemani","VU",2,0,24.6347930644764,25.4757679863669,4.63024489394054,0.0270728278534453,0.808113735300947,3.23245494120379,245,431,222,194
"Halaelurus_natalensis","VU",2,0,29.3437892309764,34.7330475403669,4.79888621949556,0.976022950952991,0.8081137352754,3.2324549411016,211,193,232,195
"Haploblepharus_kistnasamyi","VU",2,0,20.584447692143,25.1617991738669,4.45826740222262,0.243044202382443,0.808113732104338,3.23245492841735,286,287,242,196
"Haploblepharus_fuscus","VU",2,0,19.967117402143,14.2472706464335,4.42924973364458,0.193247797790249,0.808113732104338,3.23245492841735,291,297,244,197
"Galeus_polli","VU",2,0,13.467980135861,9.57677399550522,4.05823230223818,0.0224723811709679,0.808113732099228,3.23245492839691,361,456,247,198
"Bythaelurus_canescens","VU",2,0,30.424098227622,28.912082481236,4.83386941916607,0.680133773697291,0.808113732094726,3.2324549283789,206,213,254,199
"Galeus_mincaronei","VU",2,0,21.316556949992,19.6090182920917,4.49162322822103,0.0591746925482125,0.808113732091564,3.23245492836626,272,366,255,200
"Proscyllium_habereri","VU",2,0,41.5754621707789,43.6408373844678,5.13757244305961,0.780342786477439,0.80811373205963,3.23245492823852,155,203,302,201
"Squatina_albipunctata","VU",2,0,14.475936864565,7.87748540797979,4.12558071837921,0.152732294652863,0.804833674475485,3.21933469790194,338,309,318,202
"Alopias_vulpinus","VU",2,0,40.8161400903129,36.1490280601543,5.11957675268543,1.04597825275656,0.802701251910944,3.21080500764378,158,189,332,203
"Alopias_superciliosus","VU",2,0,63.8301201463129,78.3774517652344,5.55806467355686,2.8771470050229,0.802701248693566,3.21080499477426,106,133,334,204
"Mustelus_manazo","EN",3,0,11.1945336851783,12.7649392698319,4.58042933441886,2.29096605867121,0.401213218595845,3.20970574876676,248,145,761,205
"Rioraja_agassizii","VU",2,0,38.9707716593678,50.0227673892156,5.07444283962043,1.6204788312413,0.787444243546272,3.14977697418509,169,166,369,206
"Squatina_californica","VU",2,0,20.6035713458496,18.4783602273691,4.45915300222847,0.503176593998959,0.782082046059627,3.12832818423851,285,235,371,207
"Callorhinchus_callorynchus","VU",2,0,69.9251047191429,142.307942687,5.64791881829088,0.338181837470636,0.779474767924769,3.11789907169907,96,260,394,208
"Plesiotrygon_iwamae","VU",2,0,21.8743526489078,18.8456980136268,4.51631067237974,0.568014938884457,0.772268726354043,3.08907490541617,264,226,400,209
"Heliotrygon_gomesi","VU",2,0,39.8777690418563,50.2979337421289,5.09688073218605,1.77507541427684,0.772268722723507,3.08907489089403,161,158,403,210
"Heliotrygon_rosai","VU",2,0,39.8777690418563,50.2979337421289,5.09688073218605,1.77507541427684,0.772268722723507,3.08907489089403,161,158,403,210
"Potamotrygon_tatianae","VU",2,0,15.0152750293086,10.9936509700009,4.15983731726543,0.304870188457307,0.772268722714005,3.08907489085602,330,265,405,212
"Potamotrygon_henlei","VU",2,0,15.0152750293086,10.9936509700009,4.15983731726543,0.304870188457307,0.772268722714005,3.08907489085602,331,266,405,212
"Potamotrygon_signata","VU",2,0,21.18238018113,20.6690835250036,4.48559264932832,0.369616046161084,0.772268722714005,3.08907489085602,273,253,405,212
"Potamotrygon_boesemani","VU",2,0,19.8649154480744,17.5486559533768,4.42436342282231,0.435686884529528,0.772268722714005,3.08907489085602,292,245,405,212
"Potamotrygon_leopoldi","VU",2,0,15.0282574433086,11.0066333840009,4.16064761586291,0.302390310551971,0.772268722710351,3.0890748908414,329,267,413,216
"Potamotrygon_brachyura","VU",2,0,19.2984401103244,15.2742939559384,4.3968384023592,0.554992784097999,0.772268722699387,3.08907489079755,295,229,416,217
"Potamotrygon_schroederi","VU",2,0,16.0514534118244,12.0273072574384,4.22252980531162,0.162961329318093,0.772268722684768,3.08907489073907,319,303,419,218
"Urotrygon_simulatrix","VU",2,0,17.1982976479801,18.0988264012661,4.28762241500262,0.0583601315829867,0.731509886968083,2.92603954787233,307,368,438,219
"Sphyrna_tiburo","EN",3,0,22.5403380647696,20.1362409964576,5.23815700469897,8.11878466767738,0.365289693335714,2.92231754668571,146,86,783,220
"Torpedo_torpedo","VU",2,0,35.0170555515314,29.7159637839668,4.97028695270496,0.763480063004591,0.718208728397804,2.87283491359122,188,206,467,221
"Chimaera_monstrosa","VU",2,0,24.5548074755411,14.5956153526367,4.62711981958219,0.192607202357779,0.717301876802291,2.86920750720916,246,298,468,222
"Sphyrna_mokarran","CR",4,1,38.6683128924196,41.2471405373222,6.45314142731161,34.8875775322762,0.177942474357867,2.84707958972587,20,13,860,223
"Narcine_atzi","VU",2,0,55.8597765953036,58.1204368032344,5.42688253830414,0.331989704017285,0.704233215084463,2.81693286033785,120,261,477,224
"Rhinoptera_brasiliensis","VU",2,0,26.8985510369392,29.0847914957957,4.7148691144387,0.564307013447899,0.699111257480538,2.79644502992215,223,227,481,225
"Rhinoptera_bonasus","VU",2,0,25.2268608067392,22.9591128912978,4.65307846833743,0.796126914940237,0.699111257470426,2.79644502988171,237,202,485,226
"Bathyraja_irrasa","VU",2,0,9.12547322402681,6.76681068401373,3.70134871119579,0.122683950247945,0.697985786718107,2.79194314687243,443,322,511,227
"Lamna_nasus","VU",2,0,48.9559593742177,45.4323845525918,5.29743616588911,1.61785121009158,0.687691463226788,2.75076585290715,140,167,528,228
"Lamiopsis_temminckii","EN",3,0,17.2160704502949,17.7757139654118,4.98174573792912,2.67343752819909,0.329340742735145,2.63472594188116,185,139,793,229
"Lamiopsis_tephrodes","EN",3,0,17.2160704502949,17.7757139654118,4.98174573792912,2.67343752819909,0.329340742735145,2.63472594188116,185,139,793,229
"Centroscyllium_granulatum","VU",2,0,12.4294979121217,8.27691462050332,3.98374798541051,0.0437477312566886,0.636513468312277,2.54605387324911,378,387,553,231
"Taeniurops_meyeni","VU",2,0,38.476383979641,41.8782771353755,5.06199698029594,1.28530070793026,0.629741356625994,2.51896542650398,173,183,558,232
"Dasyatis_pastinaca","VU",2,0,31.992347217641,22.6511106130939,4.8825699931971,0.6477603198287,0.623314856173308,2.49325942469323,204,217,560,233
"Chiloscyllium_griseum","VU",2,0,32.0414896685066,34.9471203644523,4.8840583955755,0.463290181932886,0.605929735393714,2.42371894157486,203,239,569,234
"Myliobatis_goodei","VU",2,0,26.6233677139643,28.9538698584228,4.70495643193478,0.930427399378462,0.602041159420059,2.40816463768023,225,198,572,235
"Myliobatis_tobijei","VU",2,0,24.7627311184643,28.9088395824228,4.63522327841566,0.777654263384649,0.602041159408368,2.40816463763347,244,205,574,236
"Myliobatis_chilensis","VU",2,0,22.9204416915226,17.0756350113307,4.5610277553965,0.64064663655425,0.602041153574389,2.40816461429756,253,218,577,237
"Leptocharias_smithii","VU",2,0,69.540400563009,81.8105429206211,5.64247996443463,3.518012110356,0.600848958887614,2.40339583555046,98,122,579,238
"Hemitriakis_complicofasciata","VU",2,0,15.6773262331511,9.32372220775485,4.20034444742872,0.107524195612879,0.600004056570854,2.40001622628341,324,326,583,239
"Scyliorhinus_stellaris","VU",2,0,21.4177941464607,22.8393324333105,4.49614938616529,0.550086009812968,0.59729868436548,2.38919473746192,271,230,591,240
"Squalus_montalbani","VU",2,0,8.1538555931394,2.81843601228277,3.60046952795265,0.104559529201291,0.594498500500286,2.37799400200114,477,329,594,241
"Squalus_hemipinnis","VU",2,0,9.16706895440559,5.73682694096213,3.7054483245681,0.138497096479876,0.594498494555768,2.37799397822307,439,315,608,242
"Somniosus_microcephalus","VU",2,1,25.5415757633373,29.0470369502766,4.66500676140904,0.142401991239302,0.590030906397585,2.36012362559034,233,313,614,243
"Hemiscyllium_michaeli","VU",2,0,24.8711597359566,28.9581696436523,4.639423185689,0.0960657073503105,0.589558565686429,2.35823426274571,239,330,615,244
"Hemiscyllium_strahani","VU",2,0,24.8711597359566,28.9581696436523,4.639423185689,0.0960657073503105,0.589558565686429,2.35823426274571,239,330,615,244
"Negaprion_acutidens","EN",3,0,33.7687245597339,34.5333359221472,5.62815980482185,8.58226074788803,0.294165035891454,2.35332028713163,101,79,800,246
"Carcharhinus_signatus","EN",3,0,35.6435008639615,39.0149032188236,5.68067762451859,14.528621801412,0.287194321346621,2.29755457077297,89,58,801,247
"Hemigaleus_microstoma","VU",2,0,34.3471842067608,37.0022329965763,4.95151309560135,0.995811087739988,0.573147480404453,2.29258992161781,192,190,625,248
"Paragaleus_leucolomatus","VU",2,0,28.1152031295608,31.1037952367882,4.75755484318563,0.953645611988361,0.573147474150273,2.29258989660109,218,195,628,249
"Chaenogaleus_macrostoma","VU",2,0,38.7245501595608,43.6519075235763,5.06826374961602,1.67762327029272,0.573147474150273,2.29258989660109,172,165,628,249
"Paragaleus_randalli","VU",2,0,22.6580200355608,20.7368517723941,4.5499965321262,0.559308967610718,0.573147474137839,2.29258989655136,257,228,632,251
"Torpedo_marmorata","VU",2,1,29.8927524145314,24.5916606469668,4.81681596782097,0.350132660050796,0.568936378881433,2.27574551552573,210,257,634,252
"Mustelus_punctulatus","VU",2,0,31.0594369158866,44.2866003211553,4.85388594469998,1.4500081005534,0.552553159937946,2.21021263975178,205,175,645,253
"Mustelus_widodoi","VU",2,0,9.22688428964569,5.12445646403403,3.71131432867674,0.0863562502486976,0.552553153467086,2.21021261386834,438,340,646,254
"Hemiscyllium_hallstromi","VU",2,0,22.8508608569566,16.9640393434131,4.55811467243415,0.270448527528381,0.550387474136269,2.20154989654508,255,275,651,255
"Hemiscyllium_galei","VU",2,0,22.8508608569566,16.9640393434131,4.55811467243415,0.270448527528381,0.550387474136269,2.20154989654508,255,275,651,255
"Carcharhinus_leiodon","EN",3,0,10.2413781708551,5.26632940314349,4.49904299169441,1.32371922881407,0.268191764087958,2.14553411270367,268,179,804,257
"Chiloscyllium_indicum","VU",2,0,37.2403038578733,36.4931584970762,5.03018439534561,1.30261714157532,0.534834893059221,2.13933957223689,179,181,658,258
"Mobula_munkiana","VU",2,0,26.7905919834059,22.4891369664229,4.71099190667714,0.681930234777825,0.532625951942478,2.13050380776991,224,211,659,259
"Urobatis_tumbesensis","VU",2,0,32.5211360222134,34.8587557835645,4.89847052703698,0.149409565909493,0.518726314994234,2.07490525997694,200,310,663,260
"Mustelus_dorsalis","VU",2,0,14.0999792050295,12.6137715027069,4.10098772778946,0.288444689172873,0.507464355466041,2.02985742186416,343,271,664,261
"Scylliogaleus_quecketti","VU",2,0,14.0999792050295,12.6137715027069,4.10098772778946,0.288444689172873,0.507464355466041,2.02985742186416,343,271,664,261
"Rhizoprionodon_porosus","VU",2,0,12.7014896169845,6.30345353660903,4.00379891920991,0.0422519449523772,0.50502393132612,2.02009572530448,374,391,670,263
"Rhizoprionodon_acutus","VU",2,0,12.7014896169845,6.30345353660903,4.00379891920991,0.0422519449523772,0.50502393132612,2.02009572530448,374,391,670,263
"Rhizoprionodon_lalandii","VU",2,0,18.6981579559678,18.9288454175361,4.36681948771878,0.476160298437351,0.505023924231943,2.02009569692777,299,237,675,265
"Rhizoprionodon_longurio","VU",2,0,18.6981579559678,18.9288454175361,4.36681948771878,0.476160298437351,0.505023924231943,2.02009569692777,299,237,675,265
"Carcharhinus_cerdale","CR",4,0,12.4256063128106,12.130577034864,5.3697525245803,4.04731515277119,0.125295215998798,2.00472345598077,135,119,868,267
"Neoharriotta_carri","NT",1,0,118.64107577747,135.09245336275,5.47764340606888,0.75354592541861,1,2,115,207,1,268
"Neoharriotta_pinnata","NT",1,0,68.0799116484698,70.051669002375,4.92841115486351,0.0359004808313094,0.999999999978996,1.99999999995799,196,404,2,269
"Narcine_brasiliensis","NT",1,0,51.6630625467702,45.3247380091672,4.65706148992092,0.182820469167084,0.945167826553788,1.89033565310758,236,301,27,270
"Carcharodon_carcharias","VU",2,1,53.509198704551,50.6502264730918,5.38466383211649,2.16533643317117,0.462266540059694,1.84906616023878,132,146,693,271
"Nebrius_ferrugineus","VU",2,0,34.7386736656352,38.2205013468047,4.96252775952,0.399330263041507,0.456378602977989,1.82551441191196,190,249,695,272
"Aetomylaeus_nichofii","VU",2,1,55.6108464512868,54.7612639873457,5.42249496138465,2.57600943833493,0.45409330575568,1.81637322302272,121,141,696,273
"Ginglymostoma_cirratum","VU",2,1,44.4580549411352,47.9398826223047,5.20308439246825,1.3611818993994,0.451805266014278,1.80722106405711,148,178,697,274
"Orectolobus_leptolineatus","NT",1,0,16.8452544114873,9.30567536686309,3.57488479413831,0.0167718427698475,0.901553944324029,1.80310788864806,482,484,53,275
"Gurgesiella_dorsalifera","VU",2,0,20.9412598816374,34.9663911312812,4.47466323827623,0.508324973110281,0.449132489586306,1.79652995834522,282,234,699,276
"Hydrolagus_mitsukurii","NT",1,0,29.2241166390212,27.8511427275469,4.10178735046402,0.0420041325744252,0.897569291776295,1.79513858355259,342,393,62,277
"Dipturus_leptocaudus","VU",2,0,9.30764530761883,7.11758429314446,3.71918024389025,0.145749714638304,0.448250560684034,1.79300224273614,437,311,707,278
"Dipturus_oxyrinchus","VU",2,0,10.9814896862254,7.93585649172786,3.86965729384171,0.296256041205036,0.448250560657432,1.79300224262973,401,269,718,279
"Spiniraja_whitleyi","VU",2,0,9.11158796085595,6.60839528715348,3.69997645015225,0.220174036575182,0.448250560649608,1.79300224259843,444,290,729,280
"Dipturus_crosnieri","VU",2,0,16.065262779306,16.6011435079557,4.22333934208874,0.68974760948085,0.448250560618312,1.79300224247325,318,210,736,281
"Acroteriobatus_zanzibarensis","NT",1,0,25.1832831627046,18.5516153538125,3.95826834046323,0.114475474677808,0.891967056800829,1.78393411360166,381,324,75,282
"Rhinobatos_punctifer","NT",1,0,47.625401828038,53.43229780325,4.5772932462801,0.278736275984167,0.891967056794486,1.78393411358897,250,274,78,283
"Acroteriobatus_salalah","NT",1,0,22.193891768538,21.2894872363125,3.83703613872753,0.0599345744057026,0.891967056790257,1.78393411358051,403,365,80,284
"Deania_profundorum","NT",1,0,28.0695334085316,47.4825178976563,4.06283784438381,0.0355541435245677,0.88651673153815,1.7730334630763,355,407,82,285
"Chiloscyllium_burmensis","VU",2,0,28.2291272268733,21.9309384275381,4.76146008098349,0.381352559895286,0.439592724399143,1.75837089759657,217,250,737,286
"Okamejei_schmidti","VU",2,0,21.0257824716086,22.8887903230328,4.47850805883133,0.263983584098083,0.434243109380619,1.73697243752248,278,281,738,287
"Okamejei_meerdervoortii","VU",2,0,21.0257824716086,22.8887903230328,4.47850805883133,0.263983584098083,0.434243109380619,1.73697243752248,278,281,738,287
"Centroselachus_crepidater","NT",1,0,38.40133302861,39.9913702303883,4.36694682950496,0.205970853089053,0.866121188564978,1.73224237712996,298,294,100,289
"Oxynotus_bruniensis","NT",1,0,24.8122324276172,20.6356330610346,3.94399568522717,0.0952613055740627,0.866121186132664,1.73224237226533,385,332,105,290
"Centroscymnus_coelolepis","NT",1,0,35.13322848236,48.6795482832766,4.28036007911347,0.200068129793168,0.866121186130217,1.73224237226043,309,296,107,291
"Atelomycterus_marmoratus","NT",1,0,35.4303427332686,23.6735329067803,4.28854919953146,0.0449027899349054,0.860617754153888,1.72123550830778,306,385,117,292
"Hemiscyllium_henryi","VU",2,0,20.96364198329,14.9234106986631,4.47568281024386,0.0908696261178966,0.428504667567867,1.71401867027147,281,336,745,293
"Hexanchus_nakamurai","NT",1,0,44.0666754326859,22.7473952816031,4.50129025001294,0.0410748687647739,0.853635740737835,1.70727148147567,266,394,121,294
"Hexanchus_griseus","NT",1,0,44.4855305805359,39.7100235739063,4.5105414467222,0.0470199353819773,0.853635740737053,1.70727148147411,265,380,123,295
"Trygonoptera_testacea","NT",1,0,41.269966266139,40.7295362320645,4.43722399708152,0.189814516860954,0.83580325718896,1.67160651437792,290,300,135,296
"Urolophus_kapalensis","NT",1,0,15.4365371682588,10.7418362152072,3.49265391346727,0.0484320968560984,0.835803254340211,1.67160650868042,512,377,155,297
"Carcharhinus_dussumieri","EN",3,0,16.4640284386255,14.8928487828896,4.93958478934035,5.2687027212856,0.207748921825396,1.66199137460317,194,105,847,298
"Nasolamia_velox","EN",3,0,11.0569223023965,7.81840429431962,4.56908050160386,2.08173063919509,0.207748921822339,1.66199137457871,252,150,848,299
"Carcharhinus_acronotus","EN",3,0,11.1377115398965,10.7694740626392,4.57575880376715,2.15079050417493,0.207748921822339,1.66199137457871,251,147,848,299
"Carcharhinus_plumbeus","EN",3,0,12.7700531229588,10.5850699743896,4.70193771228942,1.60197796316971,0.207748910884861,1.66199128707889,227,169,855,301
"Okamejei_hollandi","VU",2,0,28.3664125389836,29.0681386867664,4.76614595174638,1.21267839012007,0.412159214382712,1.64863685753085,216,185,752,302
"Squatina_africana","NT",1,0,46.8166296971551,63.3224092489063,4.56052066116775,0.294539986707,0.819445269327897,1.63889053865579,254,270,202,303
"Raja_maderensis","VU",2,0,13.2605154867901,10.3185391195164,4.04378892459644,0.191901044066933,0.404891932469967,1.61956772987987,362,299,760,304
"Halaelurus_maculosus","NT",1,0,17.0400557867814,9.11538867839674,3.58574178758329,0.00393822263822483,0.80811373527128,1.61622747054256,480,706,233,305
"Bythaelurus_hispidus","NT",1,0,31.961594836632,34.1376182104919,4.18849027146434,0.0868529334181618,0.808113732107531,1.61622746421506,327,339,238,306
"Proscyllium_magnificum","NT",1,0,41.5754621757789,43.6408373894678,4.4444252626171,0.11459414829594,0.808113732075597,1.61622746415119,287,323,282,307
"Galeus_atlanticus","NT",1,0,13.467979135861,9.57677299550522,3.36508505256008,0.00507363297408791,0.808113728905813,1.61622745781163,548,665,303,308
"Gymnura_crebripunctata","NT",1,0,52.945644374199,59.3048594128828,4.68112413451367,0.26525862168499,0.800447836928717,1.60089567385743,229,280,341,309
"Gymnura_marmorata","NT",1,0,43.932246320199,39.3046231074414,4.49830289839045,0.164632685310789,0.800447836899088,1.60089567379818,269,302,343,310
"Okamejei_acutispina","VU",2,0,15.9370567523019,12.4502879070516,4.21579828981159,0.346467851037062,0.399530820373433,1.59812328149373,320,258,762,311
"Okamejei_cairae","VU",2,0,15.9370557523019,12.4502869070516,4.21579823076945,0.346467799737062,0.399530811922517,1.59812324769007,321,259,764,312
"Myliobatis_longirostris","VU",2,0,21.0442886677262,14.8632526974614,4.47934791212528,0.161194438099697,0.396860717265438,1.58744286906175,275,305,765,313
"Myliobatis_peruvianus","VU",2,0,21.0442876679262,14.8632516976614,4.47934786677113,0.161194386809957,0.396860708781861,1.58744283512744,276,306,766,314
"Sympterygia_bonapartii","NT",1,0,19.7509430165315,18.5929557178447,3.72573887278382,0.00148171206151521,0.780695489715047,1.56139097943009,431,816,375,315
"Sympterygia_brevicaudata","NT",1,0,28.1956847822315,27.0376974835447,4.067168097483,0.160548443648121,0.780695489682067,1.56139097936413,353,307,379,316
"Plesiotrygon_nana","NT",1,0,21.8743526489078,18.8456980136268,3.82316349181979,0.0801850713984574,0.772268726354043,1.54453745270809,407,346,400,317
"Potamotrygon_magdalenae","NT",1,0,19.8649154480744,17.5486559533768,3.73121624226237,0.0620823349697284,0.772268722714005,1.54453744542801,429,364,405,318
"Potamotrygon_marinae","NT",1,0,13.4912888900919,8.9535720519509,3.36669488325359,0.0248921889371481,0.772268722711812,1.54453744542362,547,445,411,319
"Potamotrygon_humerosa","NT",1,0,15.0282574433086,11.0066333840009,3.46750043530296,0.0423746962025706,0.772268722710351,1.5445374454207,518,390,413,320
"Potamotrygon_scobina","NT",1,0,16.0514534118244,12.0273072574384,3.52938262475167,0.0244549509440928,0.772268722684768,1.54453744536954,501,448,419,321
"Pastinachus_sephen","NT",1,0,34.3869168973985,34.060725510502,4.25948935321893,0.105171118347516,0.77032474737814,1.54064949475628,311,328,423,322
"Urotrygon_cimar","NT",1,0,17.1982976479801,18.0988264012661,3.59447523444268,0.0100182500937867,0.731509886968083,1.46301977393617,479,558,438,323
"Urotrygon_aspidura","NT",1,0,20.6757941944801,19.8534647102661,3.76934334359243,0.0389429123352424,0.731509886963904,1.46301977392781,420,400,440,324
"Urotrygon_chilensis","NT",1,0,21.3095118565301,16.9606049463331,3.79816030873499,0.0752194812614759,0.731509886963486,1.46301977392697,415,352,442,325
"Urotrygon_munda","NT",1,0,19.7085021095801,11.6945091977331,3.72369152643623,0.0318608639900047,0.731509886960143,1.46301977392029,432,413,443,326
"Urotrygon_nana","NT",1,0,18.2439850150301,10.7107299766665,3.65034572571415,0.0409958169900244,0.731509886955128,1.46301977391026,458,396,445,327
"Urotrygon_rogersi","NT",1,0,24.8490776028134,34.2367915605322,3.94542209820128,0.0832864748966924,0.731509886943009,1.46301977388602,384,343,447,328
"Sphyrna_zygaena","VU",2,0,35.9234788337529,36.9696738076611,4.99514199258186,1.71205135514193,0.365289693317931,1.46115877327172,184,160,784,329
"Dasyatis_marmorata","NT",1,0,66.839419234041,73.561833887902,4.91029061118798,0.437946500198835,0.729112974809911,1.45822594961982,198,244,449,330
"Heteronarce_garmani","NT",1,0,34.012778824815,27.6341058823418,4.24886028469361,0.0819865340116251,0.724974403802361,1.44994880760472,312,345,450,331
"Cephaloscyllium_umbratile","NT",1,0,13.4402928371978,8.62944445859128,3.36316959340333,0.0115298051676191,0.721423020395375,1.44284604079075,549,539,451,332
"Cephaloscyllium_variegatum","NT",1,0,15.5335296123645,13.2115239301826,3.49853759726784,0.0492420134889394,0.721423016099381,1.44284603219876,507,376,456,333
"Cephaloscyllium_sufflans","NT",1,0,15.6620034145645,15.1355008760151,3.50627806304389,0.032366551851544,0.721423016096365,1.44284603219273,506,410,463,334
"Neotrygon_annotata","NT",1,0,52.1364874270576,55.231823694251,4.66601101835043,0.298517244839126,0.709891782315672,1.41978356463134,231,268,472,335
"Rhinoptera_steindachneri","NT",1,0,28.8022467497392,26.5344988342978,4.08773096551585,0.113483564727339,0.699111257470426,1.39822251494085,348,325,483,336
"Bathyraja_brachyurops","NT",1,0,21.3675204245364,23.3651477549197,3.80075710613366,0.134743943323296,0.697985791351663,1.39597158270333,414,316,487,337
"Bathyraja_trachouros","NT",1,0,13.1569803985955,11.5841125667756,3.34335499739803,0.068428572725267,0.697985791320772,1.39597158264154,560,363,506,338
"Bathyraja_smirnovi","NT",1,0,8.60994218562681,7.33847470525687,2.95594538746024,0.0224051205442187,0.697985786718107,1.39597157343621,661,457,511,339
"Aculeola_nigra","NT",1,0,25.0806495527598,48.6825737212266,3.95434082347235,0.12532435851,0.690868638816945,1.38173727763389,382,321,526,340
"Heptranchias_perlo","NT",1,1,59.6556274822026,72.7975698578125,4.79835959783199,0.208581123276414,0.68906827489731,1.37813654979462,213,293,527,341
"Squalus_acanthias","VU",2,1,17.9686141308977,22.1595619924941,4.32908008656773,0.204116424870807,0.337516333411809,1.35006533364724,302,295,788,342
"Bathyraja_spinicauda","NT",1,0,9.74464629534373,5.51450946355247,3.06755479204315,0.0164973724131302,0.673363944321616,1.34672788864323,622,487,537,343
"Rhynchobatus_palpebratus","NT",1,0,23.674608515114,23.6939832395625,3.89892190010475,0.134156342600235,0.670003489688858,1.34000697937772,395,317,538,344
"Glyphis_garricki","VU",2,0,22.1532818744615,19.9340387237059,4.52843089723982,0.655879279346621,0.329340742744499,1.317362970978,260,215,791,345
"Glyphis_glyphis","VU",2,0,22.1532818744615,19.9340387237059,4.52843089723982,0.655879279346621,0.329340742744499,1.317362970978,260,215,791,345
"Scyliorhinus_capensis","NT",1,0,22.0676545344607,29.1225890086211,3.8315785802369,0.0508831059681862,0.656909975293049,1.3138199505861,404,375,543,347
"Myliobatis_freminvillei","VU",2,1,24.7868136727262,26.7866381249229,4.63615762443603,0.535328338128293,0.323860966849794,1.29544386739918,242,231,797,348
"Centroscyllium_excelsum","NT",1,0,12.4294979121217,8.27691462050332,3.29060080485057,0.00639101996556863,0.636513468312277,1.27302693662455,576,619,553,349
"Dasyatis_chrysonota","NT",1,0,31.992347217641,22.6511106130939,4.18942281263716,0.0913713505627003,0.623314856173308,1.24662971234662,326,334,560,350
"Somniosus_pacificus","NT",1,0,24.7718519068373,15.1417199996383,3.94243006553849,0.00878422733204528,0.611419446540185,1.22283889308037,386,576,566,351
"Okamejei_boesemani","VU",2,0,16.3519230215836,13.0319382696666,4.23999769834967,0.357227095725105,0.30492707514448,1.21970830057792,315,254,799,352
"Chiloscyllium_arabicum","NT",1,0,32.0414896682066,34.9471203641523,4.19091121500647,0.069072552712096,0.605929735391975,1.21185947078395,325,361,570,353
"Myliobatis_hamlyni","NT",1,0,22.5950955577226,14.4565877918654,3.85418605564417,0.0840489088710602,0.602041153588417,1.20408230717683,402,341,575,354
"Squalus_grahami","NT",1,0,13.3679174428889,13.5709439727485,3.3581449462019,0.0578513699215411,0.594498500499097,1.1889970009982,552,369,596,355
"Squalus_nasutus","NT",1,0,9.92232027212226,5.79404343683713,3.08395560743829,0.0204737604782333,0.594498500498503,1.18899700099701,616,468,598,356
"Squalus_edmundsi","NT",1,0,8.50147356290559,3.55268494098107,2.94459407902264,0.00975096398346158,0.594498494555768,1.18899698911154,665,561,608,357
"Squalus_rancureli","NT",1,0,8.50147356290559,3.55268494098107,2.94459407902264,0.00975096398346158,0.594498494555768,1.18899698911154,665,561,608,357
"Mustelus_norrisi","NT",1,0,15.5274378012366,13.9914869310722,3.49816907742869,0.0763031775495116,0.552553159957391,1.10510631991478,508,350,637,359
"Mustelus_lunulatus","NT",1,0,14.3872773918957,11.7665294941361,3.42668820515162,0.0695157894250399,0.552553159948965,1.10510631989793,534,360,639,360
"Mustelus_canis","NT",1,0,10.48740269957,7.3410566520361,3.13439819809228,0.0207771700587952,0.552553159944428,1.10510631988886,605,466,640,361
"Mustelus_mosis","NT",1,0,9.0477062261457,4.94527840053403,3.00049155281078,0.00940865643762714,0.552553153460604,1.10510630692121,643,569,648,362
"Hemiscyllium_freycineti","NT",1,0,29.5945747399566,29.0026071328262,4.11396987771962,0.130756057688766,0.55038747412325,1.1007749482465,340,319,653,363
"Gymnura_micrura","NT",1,1,51.233352569199,52.7935038128828,4.64886840952175,0.31640950375827,0.54679660199196,1.09359320398392,238,264,654,364
"Rhinoraja_longicauda","NT",1,1,19.0113882982485,20.1225654284197,3.6894487069712,0.0825460539113303,0.543916409556345,1.08783281911269,450,344,655,365
"Galeocerdo_cuvier","NT",1,0,61.4571490653639,66.8174366791553,4.82762788720671,0.428617724418,0.53838153696448,1.07676307392896,209,246,656,366
"Carcharhinus_limbatus","VU",2,0,11.5180276385734,11.700874408114,3.91346417752645,0.258042292369005,0.268191764095767,1.07276705638307,393,286,802,367
"Carcharhinus_amblyrhynchoides","VU",2,0,10.2801655592401,7.43703599705699,3.80934028431969,0.162801024481618,0.268191764095767,1.07276705638307,410,304,802,367
"Carcharhinus_melanopterus","VU",2,0,14.4180863334068,11.072598123682,4.12183561866176,0.287530379575143,0.268191753944685,1.07276701577874,339,273,807,369
"Leucoraja_fullonica","VU",2,0,13.5808994809215,12.3154758225352,4.06600677859045,0.234367263933692,0.266675014190639,1.06670005676255,354,289,811,370
"Carcharhinus_longimanus","CR",4,1,15.106174994144,20.085893442728,5.55179146070647,7.94221785826393,0.0663002248451106,1.06080359752177,108,87,873,371
"Okamejei_kenojei","VU",2,1,16.3519230215836,13.0319382696666,4.23999769834967,0.357227095725105,0.254351503762101,1.01740601504841,315,254,815,372
"Rhizoprionodon_oligolinx","NT",1,0,20.0041746677178,20.5030560760361,3.73786839222737,0.087486380523553,0.505023924239036,1.01004784847807,425,338,674,373
"Loxodon_macrorhinus","NT",1,0,42.9596883085868,46.1170646751444,4.47642021972871,0.266455119848912,0.505023924189382,1.01004784837876,280,279,677,374
"Scoliodon_macrorhynchos","NT",1,0,27.9920395335868,26.8552431725722,4.06016847402288,0.05466902641866,0.505023924189382,1.01004784837876,359,371,677,374
"Scoliodon_laticaudus","NT",1,0,27.9920395335868,26.8552431725722,4.06016847402288,0.05466902641866,0.505023924189382,1.01004784837876,359,371,677,374
"Carcharhinus_obscurus","EN",3,0,10.6474778456106,6.37479036373199,4.53453120431435,0.267692931334107,0.125295215996403,1.00236172797122,259,277,869,377
"Neoharriotta_pumila","LC",0,0,68.0799116484698,70.051669002375,4.23526397430357,0.00483299587110937,0.999999999978996,0.999999999978996,317,677,2,378
"Platyrhinoidis_triseriata","LC",0,0,117.345571092906,149.98254305175,4.7736089131466,0.0832909642316339,0.993378149635267,0.993378149635267,215,342,4,379
"Chlamydoselachus_anguineus","LC",0,0,72.6234405685026,87.498045472925,4.29896346101402,0.000613919481210125,0.986956285494832,0.986956285494832,303,853,8,380
"Chlamydoselachus_africana","LC",0,0,72.6234405685026,87.498045472925,4.29896346101402,0.000613919481210125,0.986956285494832,0.986956285494832,303,853,8,380
"Hypnos_monopterygius","LC",0,0,156.148711673788,181.06330151175,5.05719256514308,0.13921161687,0.979514966276041,0.979514966276041,174,314,10,382
"Trygonorrhina_fasciata","LC",0,0,62.5109985022839,79.36390082375,4.15121309566081,0.01426448864448,0.976326303644514,0.976326303644514,333,511,12,383
"Aptychotrema_rostrata","LC",0,0,44.3031587510006,34.9817856802375,3.81337675966065,0.0110878582034919,0.97632630364153,0.97632630364153,408,544,15,384
"Aptychotrema_vincentiana","LC",0,0,44.7948793059506,57.669692140375,3.8241722793225,0.0119502524644653,0.976326303641427,0.976326303641427,406,535,17,385
"Trygonorrhina_dumerilii","LC",0,0,62.5109984992839,79.36390082075,4.15121309561357,0.01426448864178,0.976326303641427,0.976326303641427,334,512,18,386
"Parascyllium_variolatum","LC",0,0,39.6058916815727,35.2630135378594,3.70391317138915,0.0125374004419831,0.958286738810187,0.958286738810187,441,526,20,387
"Parascyllium_collare","LC",0,0,39.6058916805727,35.2630135368594,3.70391317136452,0.0125374004410831,0.958286738808926,0.958286738808926,442,527,21,388
"Cirrhoscyllium_japonicum","LC",0,0,36.4904647860727,52.2886403507188,3.62408662827227,0.00645115872115602,0.958286738803882,0.958286738803882,466,618,22,389
"Parascyllium_ferrugineum","LC",0,0,37.9414535185727,33.5985753748594,3.66205932638077,0.00954275994889024,0.958286738802621,0.958286738802621,455,564,24,390
"Parascyllium_sparsimaculatum","LC",0,0,37.9414535185727,33.5985753748594,3.66205932638077,0.00954275994889024,0.958286738802621,0.958286738802621,455,564,24,390
"Benthobatis_marcida","LC",0,0,40.5599321746007,40.6128116288672,3.72713653424222,0.00215900736660115,0.933196565510226,0.933196565510226,430,770,34,392
"Benthobatis_moresbyi","LC",0,0,55.2650706486007,55.3179501028672,4.03007392784146,0.0279493203773104,0.933196565508642,0.933196565508642,369,426,36,393
"Diplobatis_ommata","LC",0,0,41.8811402032219,61.4435208107344,3.75843210696924,0.00674540985857497,0.923717683841858,0.923717683841858,423,612,39,394
"Malacoraja_senta","VU",2,1,11.6888505862303,12.0971815364102,3.92701806240271,0.0700499370078108,0.22730770971363,0.909230838854519,389,359,835,395
"Orectolobus_ornatus","LC",0,0,19.3646259420789,24.9525906331523,3.0137993732459,0.00503497574538215,0.90155394632823,0.90155394632823,640,667,42,396
"Brachaelurus_waddi","LC",0,0,63.7787669367304,74.7215226546094,4.17097787893298,0.0311879322545004,0.901553946322257,0.901553946322257,328,414,43,397
"Eucrossorhinus_dasypogon","LC",0,0,35.8807754442305,71.4905673496094,3.60769042461242,0.024154733439,0.901553946322257,0.901553946322257,473,450,43,397
"Orectolobus_maculatus","LC",0,0,15.3003760346539,6.22309978278154,2.79118817715729,0.000510449438368952,0.901553946318673,0.901553946318673,723,864,46,399
"Orectolobus_hutchinsi","LC",0,0,15.3003760346539,6.22309978278154,2.79118817715729,0.000510449438368952,0.901553946318673,0.901553946318673,723,864,46,399
"Orectolobus_parvimaculatus","LC",0,0,17.7965852464539,11.8812804351631,2.9336752175112,0.00500160409032723,0.901553946318275,0.901553946318275,673,670,48,401
"Orectolobus_japonicus","LC",0,0,16.2276949487873,10.1123035401631,2.84651826032435,0.00181936447021663,0.901553946316284,0.901553946316284,702,786,49,402
"Orectolobus_floridus","LC",0,0,18.3836373240789,14.2925138885762,2.9644292732731,0.00326999173385192,0.901553944335179,0.901553944335179,658,730,50,403
"Sutorectus_tentaculatus","LC",0,0,18.3836373240789,14.2925138885762,2.9644292732731,0.00326999173385192,0.901553944335179,0.901553944335179,658,730,50,403
"Orectolobus_halei","LC",0,0,16.2276939487873,10.1123025401631,2.84651820227828,0.00181936357021663,0.901553944325224,0.901553944325224,703,787,52,405
"Orectolobus_reticulatus","LC",0,0,16.8452544114873,9.30567536686309,2.88173761357837,0.00212737916404754,0.901553944324029,0.901553944324029,691,771,53,406
"Orectolobus_wardi","LC",0,0,17.0872955097873,16.2493404743262,2.89520978628414,0.00256150649872685,0.901553944323233,0.901553944323233,686,751,55,407
"Hydrolagus_marmoratus","LC",0,0,38.2767762387712,31.3588389355469,3.67063340880385,0.010782719090482,0.897569291788549,0.897569291788549,454,546,56,408
"Chimaera_obscura","LC",0,0,52.5547527368712,51.4694236591938,3.98070454621165,0.035823862613767,0.897569291784669,0.897569291784669,380,406,58,409
"Hydrolagus_mccoskeri","LC",0,0,49.5719369743546,49.7862186890937,3.92339681719313,0.0327940175544679,0.89756929178038,0.89756929178038,390,409,59,410
"Hydrolagus_purpurescens","LC",0,0,43.3099403589617,47.3845139746875,3.7912090392155,0.0133308850419378,0.89756929178038,0.89756929178038,418,519,59,410
"Hydrolagus_africanus","LC",0,0,27.6390970830212,15.2985851917734,3.35477281516465,0.00247276727786559,0.897569291776295,0.897569291776295,556,758,62,412
"Chimaera_notafricana","LC",0,0,27.6390970830212,15.2985851917734,3.35477281516465,0.00247276727786559,0.897569291776295,0.897569291776295,556,758,62,412
"Dipturus_gigas","NT",1,0,13.1018739372551,9.90065578753071,3.33945487246463,0.0436800803994417,0.448250560662127,0.896501121324254,565,388,710,414
"Dipturus_campbelli","NT",1,0,8.44569183723928,5.55068409395348,2.93870592787682,0.0121858014462419,0.448250560654303,0.896501121308605,669,530,721,415
"Dipturus_tengu","NT",1,0,7.04329920760595,4.02619572518196,2.77798652878533,0.00168808013893485,0.448250560653521,0.896501121307041,725,798,722,416
"Dipturus_macrocauda","NT",1,0,7.04329920760595,4.02619572518196,2.77798652878533,0.00168808013893485,0.448250560653521,0.896501121307041,725,798,722,416
"Dipturus_gudgeri","NT",1,0,8.44569183673928,5.55068409345348,2.93870592782388,0.0121858014426919,0.448250560650391,0.896501121300781,670,531,726,418
"Acroteriobatus_blochii","LC",0,0,83.724817705663,108.820852897,4.43940856589048,0.0723308579829005,0.891967056838888,0.891967056838888,288,354,70,419
"Rhinobatos_sainsburyi","LC",0,0,55.7249289673713,58.7995434245,4.0382137784372,0.0448926228809773,0.891967056807172,0.891967056807172,364,386,73,420
"Centrophorus_seychellorum","LC",0,0,18.0515089460316,10.6107141241035,2.94714630820122,0.00367179206720574,0.886516729344858,0.886516729344858,662,714,88,421
"Discopyge_tschudii","LC",0,0,66.2394823161007,87.1470858707344,4.20826060946409,0.051131562867,0.883593896731048,0.883593896731048,322,374,92,422
"Heterodontus_quoyi","LC",0,0,49.4744492398834,51.4335892036875,3.92146725259669,0.0214071188853255,0.870353733902738,0.870353733902738,391,460,93,423
"Heterodontus_mexicanus","LC",0,0,49.4744492398834,51.4335892036875,3.92146725259669,0.0214071188853255,0.870353733902738,0.870353733902738,391,460,93,423
"Heterodontus_zebra","LC",0,0,37.1714363982167,25.1433892045937,3.64208749765026,0.00414308570874906,0.870353733900346,0.870353733900346,461,695,95,425
"Heterodontus_galeatus","LC",0,0,41.0164498327167,45.6868147481875,3.73806120428729,0.0110609954299671,0.870353733900346,0.870353733900346,424,545,95,425
"Heterodontus_portusjacksoni","LC",0,0,37.1714363982167,25.1433892045937,3.64208749765026,0.00414308570874906,0.870353733900346,0.870353733900346,461,695,95,425
"Hexatrygon_bickelli","LC",0,0,117.942360935184,144.61965823825,4.7786390138812,0.1053524781,0.869758458234777,0.869758458234777,214,327,99,428
"Scymnodalatias_oligodon","LC",0,0,40.28140095331,50.9744546804766,3.72041205841987,0.0294915898837419,0.866121188564244,0.866121188564244,434,422,101,429
"Zameus_squamulosus","LC",0,0,38.40133302661,39.9913702283883,3.67379964889425,0.0261194812512527,0.866121188560084,0.866121188560084,453,434,102,430
"Oxynotus_caribbaeus","LC",0,0,19.5790867172838,12.9369354410173,3.02427535222411,0.00585851425843407,0.866121186117982,0.866121186117982,637,635,109,431
"Schroederichthys_maculatus","LC",0,0,27.2935027400186,12.6801962869053,3.34263219313213,0.00329361489691007,0.860617754168995,0.860617754168995,561,727,111,432
"Schroederichthys_bivius","LC",0,0,31.0351263771853,65.2600193582422,3.46683300005543,0.00883977664655859,0.860617754168995,0.860617754168995,519,575,111,432
"Schroederichthys_tenuis","LC",0,0,28.6329185640186,21.7020266358105,3.38888585703901,0.00570347845329263,0.860617754168995,0.860617754168995,541,641,111,432
"Schroederichthys_chilensis","LC",0,0,27.2935027400186,12.6801962869053,3.34263219313213,0.00329361489691007,0.860617754168995,0.860617754168995,561,727,111,432
"Aulohalaelurus_labiosus","LC",0,0,66.0037378801853,87.1154015472422,4.2047484070913,0.0481794645870504,0.860617754166477,0.860617754166477,323,379,116,436
"Atelomycterus_macleayi","LC",0,0,35.4303427332686,23.6735329067803,3.59540201897151,0.00571555846390537,0.860617754153888,0.860617754153888,478,640,117,437
"Atelomycterus_fasciatus","LC",0,0,61.4278569084353,67.2734826721211,4.13401160057214,0.0426884074306452,0.86061775415137,0.86061775415137,335,389,119,438
"Atelomycterus_baliensis","LC",0,0,39.6598853987686,41.0265446045605,3.70524198967111,0.0133017084877473,0.860617754143816,0.860617754143816,440,520,120,439
"Raja_undulata","NT",1,0,14.6141450738734,29.4693643275813,3.44132441948383,0.0162457530298174,0.42724309874113,0.854486197482259,531,492,746,440
"Hexanchus_vitulus","LC",0,0,44.0666754326859,22.7473952816031,3.808143069453,0.00520931343297394,0.853635740737835,0.853635740737835,411,658,121,441
"Pliotrema_warreni","LC",0,0,58.8800722168957,90.1559176293125,4.09234376557768,0.048208511187,0.847946796992685,0.847946796992685,347,378,124,442
"Heterodontus_japonicus","LC",0,0,55.6201770640834,79.959544166375,4.03636540691453,0.0272814180377913,0.844317147200266,0.844317147200266,367,428,125,443
"Leucoraja_circularis","VU",2,0,14.5923946115882,14.2932909882852,4.13307763159828,0.323556391943152,0.210288902342387,0.841155609369547,336,262,836,444
"Leucoraja_wallacei","VU",2,0,14.5923946115882,14.2932909882852,4.13307763159828,0.323556391943152,0.210288902342387,0.841155609369547,336,262,836,444
"Euprotomicrus_bispinatus","LC",0,0,36.3073891021993,38.8093496182441,3.61919140628538,0.0177474828346241,0.838900585229482,0.838900585229482,467,481,126,446
"Squaliolus_aliae","LC",0,0,36.3073891021993,38.8093496182441,3.61919140628538,0.0177474828346241,0.838900585229482,0.838900585229482,467,481,126,446
"Squaliolus_laticaudus","LC",0,0,30.5624392196993,38.0064500282441,3.45196778132123,0.0162949087112425,0.838900582404248,0.838900582404248,527,491,128,448
"Mollisquama_parini","LC",0,0,24.0735488666993,23.1892843091221,3.22181346045649,0.00753490910034301,0.838900582401451,0.838900582401451,594,600,130,449
"Euprotomicroides_zantedeschia","LC",0,0,20.7308059316993,12.437958515061,3.07873088201589,0.00152067943912037,0.838900582401451,0.838900582401451,618,811,131,450
"Heteroscymnoides_marleyi","LC",0,0,20.7308059316993,12.437958515061,3.07873088201589,0.00152067943912037,0.838900582401451,0.838900582401451,618,811,131,450
"Isistius_brasiliensis","LC",0,0,33.2865880126993,30.8283764662441,3.5347542576657,0.00161899107765813,0.838900582398654,0.838900582398654,499,802,133,452
"Isistius_plutodus","LC",0,0,33.2865880126993,30.8283764662441,3.5347542576657,0.00161899107765813,0.838900582398654,0.838900582398654,499,802,133,452
"Amblyraja_frerichsi","VU",2,0,20.1770720773512,24.9295541689102,4.43921345176315,0.855864748215997,0.209519118676966,0.838076474707865,289,199,838,454
"Urolophus_mitosis","LC",0,0,16.6828419940779,11.3310661552143,2.87259479056257,0.00211348169077233,0.835803257181016,0.835803257181016,695,772,136,455
"Urolophus_deforgesi","LC",0,0,18.2633498059779,20.3152476892286,2.95820431679071,0.00495711554095461,0.835803257180732,0.835803257180732,660,671,137,456
"Urolophus_gigas","LC",0,0,28.2415993015961,29.3774812259072,3.37559232906284,0.015484223568838,0.835803257180449,0.835803257180449,544,496,138,457
"Urolophus_neocaledoniensis","LC",0,0,13.6759240008588,9.65268569930715,2.68620832801539,0.00417860252271122,0.835803257177895,0.835803257177895,772,693,139,458
"Urolophus_piperatus","LC",0,0,16.9745594520255,21.9962171992286,2.88895739437911,0.0079828553394,0.835803257177895,0.835803257177895,688,591,139,458
"Trygonoptera_imitata","LC",0,0,31.739841487139,24.2018615220322,3.48859273036557,0.00691450616942194,0.835803257177612,0.835803257177612,513,607,141,460
"Trygonoptera_mucosa","LC",0,0,31.739841487139,24.2018615220322,3.48859273036557,0.00691450616942194,0.835803257177612,0.835803257177612,513,607,141,460
"Urolophus_papilio","LC",0,0,10.8574673500921,2.75625074097679,2.47295782524206,0.000259917106162326,0.835803257176477,0.835803257176477,822,872,143,462
"Urolophus_circularis","LC",0,0,27.1219975421794,22.6552112178145,3.33655210077012,0.00127152000024949,0.835803257163426,0.835803257163426,568,827,145,463
"Urolophus_flavomosaicus","LC",0,0,27.1219975421794,22.6552112178145,3.33655210077012,0.00127152000024949,0.835803257163426,0.835803257163426,568,827,145,463
"Trygonoptera_personata","LC",0,0,34.596304085139,32.4358126980645,3.57224181463537,0.00914294593435046,0.835803254357518,0.835803254357518,484,571,148,465
"Trygonoptera_galba","LC",0,0,34.596304085139,32.4358126980645,3.57224181463537,0.00914294593435046,0.835803254357518,0.835803254357518,484,571,148,465
"Trygonoptera_ovalis","LC",0,0,55.027471495539,72.9944666992578,4.02584213286908,0.040996241559,0.835803254349006,0.835803254349006,370,395,151,467
"Plesiobatis_daviesi","LC",0,0,100.837208910699,107.551404146031,4.62337554726222,0.089615833875,0.835803254346169,0.835803254346169,247,337,152,468
"Urolophus_paucimaculatus","LC",0,0,16.6828409939779,11.3310651551143,2.87259473400492,0.00211348079068233,0.835803254343616,0.835803254343616,696,773,153,469
"Urolophus_westraliensis","LC",0,0,28.2415983015961,29.3774802259072,3.37559229486499,0.015484222668838,0.835803254343332,0.835803254343332,545,497,154,470
"Urolophus_lobatus","LC",0,0,15.4365371682588,10.7418362152072,2.79950673290733,0.00614069594089835,0.835803254340211,0.835803254340211,719,629,155,471
"Urolophus_cruciatus","LC",0,0,10.8574663500921,2.75624974097679,2.47295774090701,0.000259916206162326,0.83580325433936,0.83580325433936,823,873,158,472
"Urolophus_expansus","LC",0,0,19.6243247488012,25.1217893079072,3.02647119223273,0.00679546042419117,0.83580325433482,0.83580325433482,634,611,160,473
"Mitsukurina_owstoni","LC",0,0,88.8127955213129,127.332338090937,4.49772745425903,0.075931081866,0.835128259926544,0.835128259926544,270,351,161,474
"Sinobatis_melanosoma","LC",0,0,57.0828798200144,60.234608867705,4.06187095296525,0.0303663670908763,0.831344668496681,0.831344668496681,357,417,163,475
"Sinobatis_bulbicauda","LC",0,0,57.0979051025344,86.72884165045,4.0621296064528,0.0303934004297967,0.831344668493902,0.831344668493902,356,416,164,476
"Sinobatis_borneensis","LC",0,0,57.0828798160144,60.234608863705,4.06187095289638,0.0303663670872763,0.831344668485103,0.831344668485103,358,418,165,477
"Carcharhinus_leucas","VU",2,0,11.8303013241028,10.3578026386392,3.9381040253721,0.0940209089947563,0.207748921887851,0.830995687551404,387,333,839,478
"Carcharhinus_sealei","VU",2,0,12.7483467846255,9.88991162744481,4.00721294415838,0.261861799174549,0.207748921836315,0.830995687345259,372,284,844,479
"Carcharhinus_brevipinna","VU",2,0,14.2197619052965,13.0759327436392,4.10888906988944,0.510337905056995,0.207748921833257,0.830995687333029,341,233,845,480
"Carcharhinus_brachyurus","VU",2,0,13.7314301796965,11.0226624177196,4.07627767986807,0.461520207739113,0.207748921831074,0.830995687324295,350,240,846,481
"Triaenodon_obesus","VU",2,0,12.5918829401298,11.0726809996392,3.99576713304292,0.460230861750518,0.207748921822339,0.830995687289355,376,242,848,482
"Carcharhinus_tjutjot","VU",2,0,12.7483457846255,9.88991062744481,4.00721287142236,0.261861747874549,0.207748910917616,0.830995643670466,373,285,851,483
"Carcharhinus_amboinensis","VU",2,0,13.7314291796965,11.0226614177196,4.076277611986,0.461520156439113,0.207748910912376,0.830995643649502,351,241,852,484
"Etmopterus_fusus","LC",0,0,16.1403513989648,12.9960524367883,2.84143541464937,0.00178139869187111,0.825490490128818,0.825490490128818,707,788,166,485
"Etmopterus_litvinovi","LC",0,0,16.1403513989648,12.9960524367883,2.84143541464937,0.00178139869187111,0.825490490128818,0.825490490128818,707,788,166,485
"Etmopterus_splendidus","LC",0,0,19.8350524169648,16.6907534547883,3.0366367806843,0.00842886781734572,0.825490490125848,0.825490490125848,627,580,168,487
"Etmopterus_caudistigmus","LC",0,0,19.8350524169648,16.6907534547883,3.0366367806843,0.00842886781734572,0.825490490125848,0.825490490125848,627,580,168,487
"Trigonognathus_kabeyai","LC",0,0,62.5336887623384,70.1784152032266,4.15157029690683,0.054578700063,0.825490490119909,0.825490490119909,332,373,170,489
"Etmopterus_pseudosqualiolus","LC",0,0,32.4496284934648,36.6916286951533,3.51004068018864,0.0241589068290007,0.825490490119909,0.825490490119909,505,449,170,489
"Etmopterus_pusillus","LC",0,0,29.5899014985982,28.4621799775767,3.42066993810526,0.016485367078862,0.825490490119909,0.825490490119909,536,488,170,489
"Etmopterus_bigelowi","LC",0,0,29.5899014985982,28.4621799775767,3.42066993810526,0.016485367078862,0.825490490119909,0.825490490119909,536,488,170,489
"Etmopterus_evansi","LC",0,0,11.640365385517,9.28531185119417,2.53689529538295,0.000804945023003963,0.82549049011783,0.82549049011783,809,845,174,493
"Etmopterus_granulosus","LC",0,0,11.640365385517,9.28531185119417,2.53689529538295,0.000804945023003963,0.82549049011783,0.82549049011783,809,845,174,493
"Etmopterus_joungi","LC",0,0,13.266530087717,11.4403627598942,2.65791624058295,0.00468104982783295,0.825490490116939,0.825490490116939,782,683,176,495
"Etmopterus_hillianus","LC",0,0,14.016775796817,15.6067092552883,2.70916796262844,0.00380840816882543,0.825490490116939,0.825490490116939,759,709,177,496
"Etmopterus_compagnoi","LC",0,0,19.7393604663287,17.1351431496471,3.03203336656552,0.0112009572830608,0.825490490112187,0.825490490112187,630,540,178,497
"Etmopterus_bullisi","LC",0,0,19.7393604663287,17.1351431496471,3.03203336656552,0.0112009572830608,0.825490490112187,0.825490490112187,630,540,178,497
"Etmopterus_robinsi","LC",0,0,26.7022942791456,25.9314111655383,3.32151523572535,0.0145322713210528,0.825490490110999,0.825490490110999,571,505,180,499
"Etmopterus_burgessi","LC",0,0,21.113092303162,18.8431537741471,3.09616984502483,0.0142731811093786,0.825490490109217,0.825490490109217,611,510,181,500
"Etmopterus_perryi","LC",0,0,12.9916273406087,8.36137153687354,2.63845910361438,0.00252846105060447,0.825490490107436,0.825490490107436,787,756,182,501
"Etmopterus_pycnolepis","LC",0,0,20.7893689431643,23.4392308169883,3.08142218769109,0.0126959928797827,0.825490490107436,0.825490490107436,617,523,182,501
"Etmopterus_brachyurus","LC",0,0,17.5126140916087,18.5040629904942,2.91845234252476,0.0100966071180448,0.825490490104466,0.825490490104466,674,554,184,503
"Etmopterus_sculptus","LC",0,0,16.2526403016087,13.9162773287471,2.84796519272756,0.00839564296080525,0.825490490104466,0.825490490104466,701,582,184,503
"Etmopterus_sheikoi","LC",0,0,31.1995389866027,38.7397410171533,3.47195213526162,0.024988562181,0.82549049010209,0.82549049010209,517,444,186,505
"Etmopterus_villosus","LC",0,0,17.4566086258309,16.2733745464942,2.91542249745337,0.0081967676670738,0.825490490101496,0.825490490101496,675,586,187,506
"Etmopterus_viator","LC",0,0,13.8405378048309,9.07437559124708,2.69736247730029,0.0016907692066388,0.825490490101496,0.825490490101496,764,796,187,506
"Etmopterus_carteri","LC",0,0,13.8405378048309,9.07437559124708,2.69736247730029,0.0016907692066388,0.825490490101496,0.825490490101496,764,796,187,506
"Etmopterus_decacuspidatus","LC",0,0,14.157301787162,10.3953311610735,2.71848238199631,0.00175839237629168,0.825490490091399,0.825490490091399,755,792,190,509
"Etmopterus_lucifer","LC",0,0,14.157301787162,10.3953311610735,2.71848238199631,0.00175839237629168,0.825490490091399,0.825490490091399,755,792,190,509
"Etmopterus_sentosus","LC",0,0,35.7769882035982,38.6128533151533,3.60487232902605,0.027617112506821,0.825490487150091,0.825490487150091,474,427,192,511
"Etmopterus_dianthus","LC",0,0,14.016774796817,15.6067082552883,2.70916789603625,0.00380840726882543,0.825490487147121,0.825490487147121,760,710,193,512
"Etmopterus_princeps","LC",0,0,12.795862122192,7.85007223342208,2.62436870098232,0.00385557908372894,0.825490487146973,0.825490487146973,790,708,194,513
"Etmopterus_schultzi","LC",0,0,31.6550329191456,31.1540355905383,3.48599899144309,0.0239281104304945,0.825490487141182,0.825490487141182,515,452,196,514
"Etmopterus_gracilispinis","LC",0,0,26.7022932791456,25.9314101655383,3.32151519962725,0.0145322704210528,0.825490487141182,0.825490487141182,572,506,196,514
"Etmopterus_dislineatus","LC",0,0,12.9916263406087,8.36137053687354,2.63845903214307,0.00252846015060447,0.825490487137618,0.825490487137618,788,757,198,516
"Etmopterus_virens","LC",0,0,27.1927332586456,24.4081125997692,3.33906425887373,0.0158995864044087,0.825490484168394,0.825490484168394,566,493,199,517
"Etmopterus_polli","LC",0,0,27.1927332586456,24.4081125997692,3.33906425887373,0.0158995864044087,0.825490484168394,0.825490484168394,566,493,199,517
"Narke_capensis","LC",0,0,22.076625029915,9.0431077643959,3.13882020174091,0.000392972725872459,0.817945002445436,0.817945002445436,603,866,203,519
"Cruriraja_cadenati","LC",0,0,30.1643571322134,38.4524096111125,3.43927504217106,0.00130225949527954,0.816745937171793,0.816745937171793,532,822,207,520
"Cruriraja_poeyi","LC",0,0,30.1643571322134,38.4524096111125,3.43927504217106,0.00130225949527954,0.816745937171793,0.816745937171793,532,822,207,520
"Cruriraja_hulleyi","LC",0,0,42.8764985928801,52.8078889701125,3.78137883716581,0.0271265034889916,0.81674593716871,0.81674593716871,419,430,209,522
"Cruriraja_atlantis","LC",0,0,30.4797131768801,29.0774374540562,3.44934331222688,0.00482233113727779,0.816745937165628,0.816745937165628,528,678,210,523
"Cruriraja_rugosa","LC",0,0,30.4797131768801,29.0774374540562,3.44934331222688,0.00482233113727779,0.816745937165628,0.816745937165628,528,678,210,523
"Pristiophorus_delicatus","LC",0,0,38.7337396657291,37.4387677016641,3.68220069239732,0.024601954374742,0.816071254879002,0.816071254879002,451,446,212,525
"Pristiophorus_nudipinnis","LC",0,0,38.7337396657291,37.4387677016641,3.68220069239732,0.024601954374742,0.816071254879002,0.816071254879002,451,446,212,525
"Pristiophorus_schroederi","LC",0,0,27.7064506502291,26.4114786861641,3.35712185884255,0.00476176625184374,0.816071254875911,0.816071254875911,553,680,214,527
"Pristiophorus_cirratus","LC",0,0,27.7064506502291,26.4114786861641,3.35712185884255,0.00476176625184374,0.816071254875911,0.816071254875911,553,680,214,527
"Gymnura_australis","LC",0,0,71.508628908199,80.8827417657656,4.28370557420181,0.0588005818204902,0.814623096488971,0.814623096488971,308,367,216,529
"Gymnura_natalensis","LC",0,0,39.0871605701324,30.4394576643207,3.69105609775879,0.0163819361918008,0.814623096433619,0.814623096433619,447,490,219,530
"Cruriraja_parcomaculata","LC",0,0,79.1373008747266,94.512920495725,4.38374142451511,0.0702683845344,0.81254551183767,0.81254551183767,297,357,221,531
"Raja_straeleni","NT",1,0,14.1523619378901,16.9028144669328,3.41130360385473,0.0391859676822874,0.404891932474996,0.809783864949993,538,399,756,532
"Raja_clavata","NT",1,0,13.2605154870901,10.3185391198164,3.35064174405753,0.026846585315723,0.404891932472482,0.809783864944964,559,432,759,533
"Halaelurus_sellus","LC",0,0,24.6347930644764,25.4757679863669,3.24395053282065,0.00130749236384532,0.808113735300947,0.808113735300947,586,821,222,534
"Asymbolus_rubiginosus","LC",0,0,14.2762752583764,11.529798224449,2.7263009882096,0.00547136639914357,0.808113735287535,0.808113735287535,747,650,224,535
"Asymbolus_vincenti","LC",0,0,12.0737257418764,6.6019972257245,2.57060454760141,0.00150856133455194,0.808113735287535,0.808113735287535,806,813,224,535
"Asymbolus_submaculatus","LC",0,0,13.6931716042597,8.2200243127995,2.68738286914635,0.00442728512618009,0.808113735287535,0.808113735287535,769,685,224,535
"Asymbolus_analis","LC",0,0,12.0737257418764,6.6019972257245,2.57060454760141,0.00150856133455194,0.808113735287535,0.808113735287535,806,813,224,535
"Asymbolus_occiduus","LC",0,0,13.6931716042597,8.2200243127995,2.68738286914635,0.00442728512618009,0.808113735287535,0.808113735287535,769,685,224,535
"Asymbolus_pallidus","LC",0,0,14.1840250611597,11.521285572399,2.72024389236409,0.00531042375747983,0.808113735286896,0.808113735286896,753,653,229,540
"Asymbolus_parvus","LC",0,0,16.3434882131597,17.142101177798,2.85321711681678,0.00822569822555552,0.808113735286896,0.808113735286896,700,584,229,540
"Asymbolus_galacticus","LC",0,0,16.1007882287097,16.980301187898,2.83912455769245,0.00793445824450859,0.808113735284341,0.808113735284341,709,592,231,542
"Halaelurus_lineatus","LC",0,0,17.0400557867814,9.11538867839674,2.89259460702334,0.00051460419624483,0.80811373527128,0.80811373527128,687,863,233,543
"Galeus_eastmani","LC",0,0,37.1415808961588,39.5374427881355,3.64130504913388,0.0254085489202719,0.808113735261668,0.808113735261668,463,439,236,544
"Galeus_sauteri","LC",0,0,37.1415808961588,39.5374427881355,3.64130504913388,0.0254085489202719,0.808113735261668,0.808113735261668,463,439,236,544
"Bythaelurus_giddingsi","LC",0,0,31.961594836632,34.1376182104919,3.49534309090439,0.0111021366281618,0.808113732107531,0.808113732107531,511,543,238,546
"Haploblepharus_pictus","LC",0,0,36.1066218598097,45.7561956497339,3.61379544047384,0.0250684075748575,0.808113732107531,0.808113732107531,470,443,238,546
"Galeus_priapus","LC",0,0,20.9237810006277,24.6131053634209,3.08757193810952,0.012911246955,0.808113732101144,0.808113732101144,614,522,246,548
"Apristurus_parvipinnis","LC",0,0,18.0185740912556,15.0761024461857,2.94541608539293,0.0100739706086014,0.80811373209827,0.80811373209827,663,556,248,549
"Figaro_boardmani","LC",0,0,32.7485028880097,40.8109517629919,3.51893605746087,0.0251429437449,0.808113732097951,0.808113732097951,502,442,249,550
"Holohalaelurus_melanostigma","LC",0,0,28.8620652208097,22.0706300113669,3.39658895317582,0.00242058729205154,0.808113732097951,0.808113732097951,539,760,249,550
"Apristurus_albisoma","LC",0,0,14.4140403975889,13.7602306812214,2.73527880818985,0.00309068797376728,0.808113732096993,0.808113732096993,743,736,251,552
"Holohalaelurus_regani","LC",0,0,28.8620652201097,22.0706300106669,3.39658895315238,0.00242058729142154,0.808113732095716,0.808113732095716,540,761,252,553
"Pentanchus_profundicolus","LC",0,0,44.064618549232,53.6852993639839,3.80809742751525,0.036600510852,0.808113732094758,0.808113732094758,412,402,253,554
"Galeus_gracilis","LC",0,0,30.677935636092,31.0648241038417,3.45562040182088,0.0119923622053826,0.808113732091564,0.808113732091564,522,532,255,555
"Galeus_murinus","LC",0,0,21.316556949992,19.6090182920917,3.10532886710114,0.00147881621781251,0.808113732091564,0.808113732091564,609,817,255,555
"Galeus_antillensis","LC",0,0,30.677935636092,31.0648241038417,3.45562040182088,0.0119923622053826,0.808113732091564,0.808113732091564,522,532,255,555
"Parmaturus_campechiensis","LC",0,0,39.0316366090588,42.3468157881355,3.68967005673178,0.0304619045427004,0.808113732090606,0.808113732090606,449,415,259,558
"Galeus_springeri","LC",0,0,31.024528398992,38.0732771321835,3.46650212164758,0.018504947785066,0.808113732088371,0.808113732088371,520,477,260,559
"Parmaturus_pilosus","LC",0,0,27.6161918648921,26.3771500617839,3.35397270674596,0.0156707912618788,0.808113732087413,0.808113732087413,558,495,261,560
"Parmaturus_albipenis","LC",0,0,34.9000734915588,35.3423127835677,3.58073934261077,0.0255040288029039,0.808113732087413,0.808113732087413,481,438,261,560
"Apristurus_nasutus","LC",0,0,12.7885816349223,8.62558529811784,2.62384083190489,0.00408290506997505,0.808113732087413,0.808113732087413,791,698,261,560
"Apristurus_stenseni","LC",0,0,13.7518227934223,12.7154778042357,2.69136665436562,0.00581595892993666,0.808113732087413,0.808113732087413,768,636,261,560
"Apristurus_kampae","LC",0,0,14.9643391595889,13.0145265527357,2.77035743223699,0.00635622284222552,0.808113732087413,0.808113732087413,728,621,261,560
"Apristurus_fedorovi","LC",0,0,14.9643391595889,13.0145265527357,2.77035743223699,0.00635622284222552,0.808113732087413,0.808113732087413,728,621,261,560
"Apristurus_aphyodes","LC",0,0,12.7885816349223,8.62558529811784,2.62384083190489,0.00408290506997505,0.808113732087413,0.808113732087413,791,698,261,560
"Galeus_cadenati","LC",0,0,16.223336210711,13.4991914756052,2.84626522069373,0.00741462447766577,0.808113732085177,0.808113732085177,704,603,268,567
"Apristurus_sinensis","LC",0,0,18.4759966769445,21.1888842213177,2.96918276769734,0.00579656304707985,0.808113732084219,0.808113732084219,654,637,269,568
"Apristurus_platyrhynchus","LC",0,0,18.4759966769445,21.1888842213177,2.96918276769734,0.00579656304707985,0.808113732084219,0.808113732084219,654,637,269,568
"Apristurus_micropterygeus","LC",0,0,12.2295466932556,8.66764366861069,2.58245271399153,0.00195526013482575,0.808113732084219,0.808113732084219,803,783,269,568
"Galeus_nipponensis","LC",0,0,14.4853063721277,7.6353438121513,2.73989159832003,0.00493541151351613,0.808113732083581,0.808113732083581,740,672,272,571
"Galeus_longirostris","LC",0,0,14.4853063721277,7.6353438121513,2.73989159832003,0.00493541151351613,0.808113732083581,0.808113732083581,740,672,272,571
"Bythaelurus_dawsoni","LC",0,0,40.346027348832,44.5751297226919,3.72197634306549,0.0297837747572823,0.808113732082623,0.808113732082623,433,421,274,573
"Eridacnis_barbouri","LC",0,0,26.8339354034456,30.4607974757339,3.32625597421626,0.00526503314193191,0.80811373207879,0.80811373207879,570,656,275,574
"Eridacnis_sinuans","LC",0,0,25.0295225379456,16.3509999528669,3.2592313760778,0.00201855155845296,0.80811373207879,0.80811373207879,582,777,275,574
"Eridacnis_radcliffei","LC",0,0,25.0295225379456,16.3509999528669,3.2592313760778,0.00201855155845296,0.80811373207879,0.80811373207879,582,777,275,574
"Apristurus_indicus","LC",0,0,15.6707513651112,15.0918581050339,2.81365576863904,0.00329598131813911,0.808113732077833,0.808113732077833,715,726,278,577
"Apristurus_internatus","LC",0,0,14.1932704371112,7.89954819601694,2.72085259541584,0.000637712407290792,0.808113732077832,0.808113732077832,751,849,279,578
"Apristurus_macrorhynchus","LC",0,0,18.9218602584445,26.5215160670677,2.9918176342643,0.00768497713910992,0.808113732077832,0.808113732077832,648,599,279,578
"Apristurus_macrostomus","LC",0,0,14.1932704371112,7.89954819601694,2.72085259541584,0.000637712407290792,0.808113732077832,0.808113732077832,751,849,279,578
"Ctenacis_fehlmanni","LC",0,0,48.2163467557789,55.0715667894678,3.89622581944879,0.034131280674143,0.808113732075597,0.808113732075597,396,408,282,581
"Bythaelurus_immaculatus","LC",0,0,30.424098221632,28.912082475246,3.44757505785556,0.0123823977980036,0.808113732075597,0.808113732075597,530,528,282,581
"Apristurus_riveri","LC",0,0,19.7357872049445,25.4516074510677,3.03186105800998,0.00575914867999126,0.808113732074639,0.808113732074639,632,639,285,583
"Parmaturus_xaniurus","LC",0,0,24.1612684778921,18.4396453138919,3.22530584701178,0.00945472765681902,0.808113732074639,0.808113732074639,592,566,285,583
"Parmaturus_lanatus","LC",0,0,24.1612684778921,18.4396453138919,3.22530584701178,0.00945472765681902,0.808113732074639,0.808113732074639,592,566,285,583
"Apristurus_exsanguis","LC",0,0,18.8734042549445,15.0629439015339,2.98938236825766,0.00420755790018076,0.808113732074639,0.808113732074639,650,689,285,583
"Apristurus_gibbosus","LC",0,0,13.5118626196389,10.9781448652214,2.6749664266548,0.00261117176491065,0.808113732074639,0.808113732074639,775,749,285,583
"Apristurus_brunneus","LC",0,0,15.4311323149445,21.5106939383177,2.7991778472,0.00637101486450133,0.808113732074639,0.808113732074639,720,620,285,583
"Apristurus_saldanha","LC",0,0,13.5118626196389,10.9781448652214,2.6749664266548,0.00261117176491065,0.808113732074639,0.808113732074639,775,749,285,583
"Apristurus_sibogae","LC",0,0,18.8734042549445,15.0629439015339,2.98938236825766,0.00420755790018076,0.808113732074639,0.808113732074639,650,689,285,583
"Apristurus_spongiceps","LC",0,0,13.5971366407445,6.90419912688972,2.6808253889832,0.00359140564657513,0.80811373207432,0.80811373207432,773,716,293,591
"Apristurus_japonicus","LC",0,0,14.4858635912445,9.81874751477944,2.73992758140478,0.00519039428864523,0.80811373207432,0.80811373207432,739,659,293,591
"Apristurus_canutus","LC",0,0,12.5328207958389,9.99910304142137,2.60511790499376,0.000849689506217683,0.808113732073681,0.808113732073681,795,841,295,593
"Apristurus_investigatoris","LC",0,0,12.5328207958389,9.99910304142137,2.60511790499376,0.000849689506217683,0.808113732073681,0.808113732073681,795,841,295,593
"Apristurus_australis","LC",0,0,40.8217793922778,45.955389009771,3.73341724193027,0.0319760685372968,0.808113732071446,0.808113732071446,426,411,297,595
"Apristurus_longicephalus","LC",0,0,40.8217793922778,45.955389009771,3.73341724193027,0.0319760685372968,0.808113732071446,0.808113732071446,426,411,297,595
"Apristurus_herklotsi","LC",0,0,21.3650821873889,29.3979624018855,3.10750091169983,0.0137782485990018,0.808113732065059,0.808113732065059,607,516,299,597
"Galeus_schultzi","LC",0,0,34.0682540590689,36.6855675413669,3.55729627845511,0.00501726676270275,0.808113732062823,0.808113732062823,493,668,300,598
"Galeus_piperatus","LC",0,0,34.0682540590689,36.6855675413669,3.55729627845511,0.00501726676270275,0.808113732062823,0.808113732062823,493,668,300,598
"Apristurus_ampliceps","LC",0,0,18.0185730912556,15.0761014461857,2.94541603281275,0.0100739697086014,0.808113728904855,0.808113728904855,664,557,304,600
"Apristurus_microps","LC",0,0,14.4140393975889,13.7602296812214,2.73527874331393,0.00309068707376728,0.808113728903577,0.808113728903577,744,737,305,601
"Galeus_arae","LC",0,0,26.578521417342,34.8803797738417,3.31703726024429,0.018848724543,0.808113728898148,0.808113728898148,574,473,306,602
"Galeus_melastomus","LC",0,0,14.7811116193777,9.78716286480261,2.75881375776409,0.00546762225505627,0.808113728891762,0.808113728891762,734,651,307,603
"Apristurus_pinguis","LC",0,0,12.2295456932556,8.66764266861069,2.58245263840314,0.00195525923482575,0.808113728890804,0.808113728890804,804,784,308,604
"Apristurus_profundorum","LC",0,0,14.2629012272556,15.1646076162214,2.72542512752736,0.00561365217804321,0.808113728890804,0.808113728890804,748,644,308,604
"Pseudotriakis_microdon","LC",0,0,44.9265402424456,48.3433103169678,3.82704316875209,0.0280413052303972,0.808113728882181,0.808113728882181,405,425,310,606
"Planonasus_parini","LC",0,0,53.2907287091122,65.5296182139355,3.99435347035651,0.0393329566116505,0.808113728882181,0.808113728882181,377,398,310,606
"Apristurus_melanoasper","LC",0,0,14.7945173919445,13.8703893896589,2.75966287930447,0.00560707725704055,0.808113728881223,0.808113728881223,733,645,312,608
"Apristurus_manis","LC",0,0,18.3840332575556,18.9592341349714,2.96444969923477,0.0107315019918607,0.808113728881223,0.808113728881223,657,547,312,608
"Apristurus_laurussonii","LC",0,0,13.5971356407445,6.90419812688972,2.68082532047661,0.00359140474657513,0.808113728880904,0.808113728880904,774,717,314,610
"Gollum_attenuatus","LC",0,0,34.2043514514456,29.0279675774839,3.56116969574334,0.00875005038041707,0.808113728878988,0.808113728878988,490,577,315,611
"Gollum_suluensis","LC",0,0,34.2043514514456,29.0279675774839,3.56116969574334,0.00875005038041707,0.808113728878988,0.808113728878988,490,577,315,611
"Electrolux_addisoni","LC",0,0,42.283113340815,43.7282568566836,3.76776256681275,0.0252725683016423,0.804887624014194,0.804887624014194,421,441,317,613
"Squatina_tergocellata","LC",0,0,13.971538923565,4.92296236398989,2.70615099365327,0.00177213274059556,0.804833674475485,0.804833674475485,761,790,318,614
"Squatina_pseudocellata","LC",0,0,13.971538923565,4.92296236398989,2.70615099365327,0.00177213274059556,0.804833674475485,0.804833674475485,761,790,318,614
"Squatina_australis","LC",0,0,23.3825637239784,26.2923186187383,3.19386827537352,0.0135552288856051,0.804833674475162,0.804833674475162,599,517,321,616
"Megachasma_pelagios","LC",0,0,58.9559315623129,64.3065816006172,4.09360981840251,0.045212139403564,0.802701251943575,0.802701251943575,346,383,329,617
"Odontaspis_noronhai","LC",0,0,34.1211457378129,24.4737575400772,3.55880339174882,0.0147734924457589,0.80270125192726,0.80270125192726,492,501,330,618
"Pseudocarcharias_kamoharai","LC",0,0,40.8161390903129,36.1490270601543,3.73328236765133,0.0187847661045575,0.802701248647883,0.802701248647883,428,474,335,619
"Rhinochimaera_pacifica","LC",0,0,50.2338342338031,59.857029408125,3.93640013867581,0.0167686234828987,0.800628987294442,0.800628987294442,388,485,338,620
"Rhinochimaera_atlantica","LC",0,0,47.3774396108031,36.3880193860625,3.87903358130941,0.0116294268465385,0.800628987274704,0.800628987274704,399,537,339,621
"Rhinochimaera_africana","LC",0,0,47.3774396108031,36.3880193860625,3.87903358130941,0.0116294268465385,0.800628987274704,0.800628987274704,399,537,339,621
"Pavoraja_mosaica","LC",0,0,18.8930583233933,21.0680967050539,2.99037084290563,0.00990447507003544,0.796015606945371,0.796015606945371,649,560,345,623
"Pavoraja_umbrosa","LC",0,0,16.7395897495599,18.4084323850539,2.8757988508846,0.00512046294066361,0.796015606942022,0.796015606942022,692,663,346,624
"Pavoraja_alleni","LC",0,0,16.7395897495599,18.4084323850539,2.8757988508846,0.00512046294066361,0.796015606942022,0.796015606942022,692,663,346,624
"Pavoraja_nitida","LC",0,0,15.3281785088933,12.471654278027,2.79289235813355,0.00349057895838356,0.796015606938673,0.796015606938673,721,719,348,626
"Pavoraja_pseudonitida","LC",0,0,15.3281785088933,12.471654278027,2.79289235813355,0.00349057895838356,0.796015606938673,0.796015606938673,721,720,348,626
"Irolita_waitii","LC",0,0,52.6546842883933,65.1515808704312,3.98256877725766,0.0454587702462,0.796015606915229,0.796015606915229,379,382,350,628
"Notoraja_sticta","LC",0,0,10.8517757651544,6.02099403740674,2.47247770995374,0.00343807691293114,0.796015603603984,0.796015603603984,824,721,351,629
"Notoraja_tobitukai","LC",0,0,10.8517757651544,6.02099403740674,2.47247770995374,0.00343807691293114,0.796015603603984,0.796015603603984,824,721,351,629
"Notoraja_fijiensis","LC",0,0,10.3613792289544,5.71943247155674,2.43021981692279,0.00270821196199974,0.796015603603649,0.796015603603649,830,745,353,631
"Notoraja_hirticauda","LC",0,0,10.9600691714544,6.31812241405674,2.48157353207218,0.00378536891964631,0.796015603603649,0.796015603603649,820,712,353,631
"Notoraja_alisae","LC",0,0,10.9600691714544,6.31812241405674,2.48157353207218,0.00378536891964631,0.796015603603649,0.796015603603649,820,712,353,631
"Notoraja_longiventralis","LC",0,0,10.3613792289544,5.71943247155674,2.43021981692279,0.00270821196199974,0.796015603603649,0.796015603603649,830,745,353,631
"Notoraja_ochroderma","LC",0,0,11.1634756211044,8.22218351561348,2.49843765980207,0.00399888417693766,0.796015603603314,0.796015603603314,814,705,357,635
"Notoraja_inusitata","LC",0,0,11.8184220639044,11.896637532027,2.55088335997826,0.00504277910820024,0.796015603602979,0.796015603602979,808,666,358,636
"Notoraja_azurea","LC",0,0,12.0760983430044,12.001162760027,2.57078600971196,0.00523092451889668,0.796015603602979,0.796015603602979,805,657,358,636
"Insentiraja_subtilispinosa","LC",0,0,14.9240875810599,28.7595176921078,2.76783290506391,0.0083688646311,0.796015603602979,0.796015603602979,731,583,358,636
"Hydrolagus_melanophasma","LC",0,0,25.6509883141522,21.8967300013438,3.28282623488303,0.0022748891027264,0.788271712119363,0.788271712119363,579,767,363,639
"Chimaera_macrospina","LC",0,0,28.1152873721522,41.2680315016875,3.37126337548431,0.00670863222407942,0.788271708670627,0.788271708670627,546,613,364,640
"Hydrolagus_alberti","LC",0,0,25.6509873141522,21.8967290013438,3.28282619736097,0.0022748882027264,0.788271708670627,0.788271708670627,580,768,364,640
"Squatina_dumeril","LC",0,0,17.9818497351829,12.1762111686846,2.94348324550285,0.00587111787030701,0.782082046059627,0.782082046059627,667,634,371,642
"Sympterygia_lima","LC",0,0,19.7509430165315,18.5929557178447,3.03259169222387,0.000266876067855215,0.780695489715047,0.780695489715047,629,871,375,643
"Psammobatis_bergi","LC",0,0,36.1851195766458,38.9594544887894,3.61590866987272,0.029190976938,0.780695489694125,0.780695489694125,469,423,377,644
"Psammobatis_lentiginosa","LC",0,0,21.5827393923124,21.1293344806974,3.11718587077445,0.0130499688020914,0.780695489683486,0.780695489683486,606,521,378,645
"Psammobatis_rutrum","LC",0,0,14.7104390361458,10.4216060395987,2.75432539816258,0.00255669747470378,0.780695489669301,0.780695489669301,736,752,381,646
"Psammobatis_extenta","LC",0,0,14.7104390361458,10.4216060395987,2.75432539816258,0.00255669747470378,0.780695489669301,0.780695489669301,736,752,381,646
"Psammobatis_scobina","LC",0,0,17.4167935116458,18.0048750691974,2.91326293921621,0.00742594338347862,0.780695489669301,0.780695489669301,676,601,381,646
"Psammobatis_rudis","LC",0,0,17.1815967768124,13.4135070148487,2.90040991640021,0.00513147702330667,0.780695489669301,0.780695489669301,684,661,381,646
"Psammobatis_normani","LC",0,0,17.1815967768124,13.4135070148487,2.90040991640021,0.00513147702330667,0.780695489669301,0.780695489669301,684,661,381,646
"Pseudoraja_fischeri","LC",0,0,44.2779039210951,52.2830529783578,3.81281914132819,0.03752433963,0.780695486135843,0.780695486135843,409,401,386,651
"Chimaera_opalescens","LC",0,0,33.7014373886601,26.3665025090234,3.54678110939922,0.0146654264819317,0.779626582387054,0.779626582387054,496,502,387,652
"Chimaera_lignaria","LC",0,0,33.7014373886601,26.3665025090234,3.54678110939922,0.0146654264819317,0.779626582387054,0.779626582387054,496,502,387,652
"Chimaera_fulva","LC",0,0,35.6357253138268,27.4600175700234,3.60102386580073,0.0188725450080023,0.779626582379934,0.779626582379934,475,471,389,654
"Chimaera_panthera","LC",0,0,35.9250094411601,28.5900745615234,3.60888908410218,0.0186660550875652,0.779626582369254,0.779626582369254,471,475,390,655
"Hydrolagus_bemisi","LC",0,0,35.9250094411601,28.5900745615234,3.60888908410218,0.0186660550875652,0.779626582369254,0.779626582369254,471,475,390,655
"Hydrolagus_macrophthalmus","LC",0,0,35.6357243198268,27.4600165760234,3.60102383866875,0.0188725441134023,0.779626578841316,0.779626578841316,476,472,392,657
"Chimaera_argiloba","LC",0,0,36.5190190188268,33.9513373790469,3.62484797824257,0.0204617591055937,0.779626578830636,0.779626578830636,465,469,393,658
"Potamotrygon_falkneri","LC",0,0,21.18238018113,20.6690835250036,3.09929828820843,0.00689796619068375,0.772268722714005,0.772268722714005,610,609,405,659
"Potamotrygon_orbignyi","LC",0,0,13.4912888900919,8.9535720519509,2.67354770269365,0.00316164468674812,0.772268722711812,0.772268722711812,778,734,411,660
"Potamotrygon_motoro","LC",0,0,14.6178885358919,14.4022176115018,2.74841695831477,0.0051823250778089,0.77226872271035,0.77226872271035,738,660,415,661
"Chiloscyllium_punctatum","NT",1,1,43.1230567192066,47.5952453781523,4.48012965448568,0.242928134314692,0.386004587476738,0.772009174953477,274,288,770,662
"Chiloscyllium_plagiosum","NT",1,1,28.2291272268733,21.9309384275381,4.06831290042354,0.0556552086484864,0.386004587476738,0.772009174953477,352,370,770,662
"Poroderma_pantherinum","LC",0,0,24.435739346794,27.9811343952422,3.23615524593931,0.00198666055341942,0.770086700414869,0.770086700414869,588,781,425,664
"Poroderma_africanum","LC",0,0,24.435739346794,27.9811343952422,3.23615524593931,0.00198666055341942,0.770086700414869,0.770086700414869,588,781,425,664
"Cephalurus_cephalus","LC",0,0,25.063795394294,53.7554484334844,3.26054720170204,0.00311665271442013,0.770086700411187,0.770086700411187,581,735,427,666
"Callorhinchus_capensis","LC",0,0,68.8548013406429,73.379763421,4.24641882121669,0.00400973637027264,0.764646840347022,0.764646840347022,313,703,428,667
"Pristiophorus_nancyae","LC",0,0,40.2785183502291,45.2187355173281,3.72034222785059,0.0227061750443251,0.76401228428734,0.76401228428734,435,454,429,668
"Urobatis_maculatus","LC",0,0,27.8031767723801,24.8851558010645,3.36048568565533,0.00235801302513904,0.745359161390781,0.745359161390781,550,763,433,669
"Urobatis_concentricus","LC",0,0,27.8031767723801,24.8851558010645,3.36048568565533,0.00235801302513904,0.745359161390781,0.745359161390781,550,763,433,669
"Urobatis_halleri","LC",0,0,34.3536681603801,47.1562053281289,3.56540215387233,0.0141435916273131,0.74535916138278,0.74535916138278,486,514,435,671
"Callorhinchus_milii","LC",0,1,68.8548013406429,73.379763421,4.24641882121669,0.00400973637027264,0.731066881042318,0.731066881042318,313,703,448,672
"Mustelus_asterias","NT",1,1,8.96902967257831,5.02669545583298,2.99263043508102,0.01008273169467,0.36125655941139,0.72251311882278,647,555,785,673
"Cephaloscyllium_zebrum","LC",0,0,23.7870038996857,29.5183910560605,3.21031947951293,0.00961305547643431,0.7214230161136,0.7214230161136,595,563,453,674
"Cephaloscyllium_ventriosum","LC",0,0,19.0767269846857,15.3895014705303,2.99956128276715,0.00113837235463465,0.721423016109291,0.721423016109291,644,831,454,675
"Cephaloscyllium_stevensi","LC",0,0,19.0767269846857,15.3895014705303,2.99956128276715,0.00113837235463465,0.721423016109291,0.721423016109291,644,831,454,675
"Cephaloscyllium_speccum","LC",0,0,14.3946376239478,8.62132825154564,2.73401924254456,0.00424908796710685,0.721423016099381,0.721423016099381,745,687,456,677
"Cephaloscyllium_hiscosellum","LC",0,0,14.3946376239478,8.62132825154564,2.73401924254456,0.00424908796710685,0.721423016099381,0.721423016099381,745,687,456,677
"Cephaloscyllium_isabellum","LC",0,0,12.3910785888645,6.93013870209129,2.59458870827856,0.00333690331286357,0.721423016097226,0.721423016097226,801,725,461,679
"Cephaloscyllium_signourum","LC",0,0,15.6620034145645,15.1355008760151,2.81313088248395,0.00412898616794398,0.721423016096365,0.721423016096365,716,697,463,680
"Cephaloscyllium_laticeps","LC",0,0,13.4402918371978,8.62944345859128,2.67002234359271,0.0014898990204191,0.721423016086454,0.721423016086454,780,815,465,681
"Hydrolagus_pallidus","LC",0,0,24.5548064755411,14.5956143526367,3.24082541933072,0.00365341059697891,0.71730187244034,0.71730187244034,587,715,469,682
"Hydrolagus_lusitanicus","LC",0,0,30.5997158985411,25.4421465512734,3.45314812999995,0.0142551540920267,0.717301872431616,0.717301872431616,526,513,470,683
"Hydrolagus_homonycteris","LC",0,0,37.4898675718744,35.0453921025469,3.6503950267045,0.0235567156977904,0.717301872431616,0.717301872431616,457,453,470,683
"Neotrygon_ningalooensis","LC",0,0,50.982596960391,47.7728351821255,3.950908988727,0.0362824624357192,0.709891782315672,0.709891782315672,383,403,472,685
"Neotrygon_picta","LC",0,0,34.215732677391,27.2764766430627,3.56149293381342,0.00611568789358199,0.709891782280013,0.709891782280013,488,631,474,686
"Neotrygon_leylandi","LC",0,0,34.215732677391,27.2764766430627,3.56149293381342,0.00611568789358199,0.709891782280013,0.709891782280013,488,631,474,686
"Bathyraja_bergi","LC",0,0,30.8543974061533,45.8509674833578,3.46117543861518,0.025946584839,0.706414811473752,0.706414811473752,521,437,476,688
"Torpedo_andersoni","LC",0,0,31.4598370531981,24.0551045189668,3.48000354214772,0.00917855397032045,0.699164611095186,0.699164611095186,516,570,479,689
"Bathyraja_diplotaenia","LC",0,0,20.8938194761807,20.9525235921099,3.0862043812926,0.0166990404699,0.697985791347052,0.697985791347052,615,486,488,690
"Bathyraja_minispinosa","LC",0,0,10.2908558292955,9.12784052470247,2.42399317947773,0.0006270550503093,0.697985791330455,0.697985791330455,832,851,489,691
"Bathyraja_tunae","LC",0,0,10.2908558292955,9.12784052470247,2.42399317947773,0.0006270550503093,0.697985791330455,0.697985791330455,832,851,489,691
"Bathyraja_andriashevi","LC",0,0,7.10832119354348,4.32035145225343,2.09289084220368,0.00155069112986299,0.69798579132861,0.69798579132861,874,809,491,693
"Bathyraja_leucomelanos","LC",0,0,7.52525595079348,5.69435756400687,2.14303304627237,0.00103066472874528,0.69798579132861,0.69798579132861,868,834,491,693
"Bathyraja_isotrachys","LC",0,0,7.52525595079348,5.69435756400687,2.14303304627237,0.00103066472874528,0.69798579132861,0.69798579132861,868,834,491,693
"Bathyraja_schroederi","LC",0,0,12.4851171916268,11.5213011995137,2.60158664707131,0.0080715701010558,0.69798579132861,0.69798579132861,799,587,491,693
"Rhinoraja_odai","LC",0,0,9.12547422402681,6.76681168401373,2.31505444883671,0.00222226935434505,0.69798579132861,0.69798579132861,852,769,491,693
"Bathyraja_smithii","LC",0,0,12.5151627986789,9.39092856865123,2.60381222543306,0.00619725842772562,0.697985791326305,0.697985791326305,797,623,496,698
"Bathyraja_fedorovi","LC",0,0,7.35529975162681,3.99241952412843,2.12289603831903,0.000582754416449789,0.697985791326305,0.697985791326305,872,857,497,699
"Bathyraja_meridionalis","LC",0,0,12.7588663826289,11.8962355732025,2.621683444128,0.00663572747902254,0.697985791325844,0.697985791325844,793,616,498,700
"Bathyraja_aguja","LC",0,0,9.80853678959554,8.09963714888781,2.38033626537532,0.00415364678037468,0.697985791325383,0.697985791325383,841,694,499,701
"Bathyraja_violacea","LC",0,0,8.06415224344554,4.6130148932939,2.20432732008129,0.00101516754905682,0.697985791324,0.697985791324,862,836,500,702
"Bathyraja_peruana","LC",0,0,14.2103510585364,14.0144145689599,2.72197618677647,0.00420311106407774,0.697985791324,0.697985791324,749,691,501,703
"Bathyraja_kincaidii","LC",0,0,8.06415224304554,4.6130148928939,2.20432732003716,0.00101516754869682,0.697985791322156,0.697985791322156,863,837,502,704
"Bathyraja_microtrachys","LC",0,0,12.6044377540622,11.7274100286012,2.61039604496171,0.00742274681627252,0.697985791321234,0.697985791321234,794,602,503,705
"Bathyraja_papilionifera","LC",0,0,9.2117799940622,6.59479486430062,2.3235419552833,0.00131871090105812,0.697985791321234,0.697985791321234,850,819,503,705
"Bathyraja_hesperafricana","LC",0,0,9.2117799940622,6.59479486430062,2.3235419552833,0.00131871090105812,0.697985791321234,0.697985791321234,850,819,503,705
"Bathyraja_matsubarai","LC",0,0,11.2924054644289,10.0472036162756,2.50898162976626,0.00590760960403924,0.697985791320772,0.697985791320772,812,633,506,708
"Bathyraja_tzinovskii","LC",0,0,14.2103510575364,14.0144145679599,2.72197618671072,0.00420311106317774,0.697985791319389,0.697985791319389,750,692,508,709
"Bathyraja_trachura","LC",0,0,6.56640240034348,3.77843265905343,2.02371771014461,0.000575677155245729,0.69798578671949,0.69798578671949,876,859,510,710
"Bathyraja_richardsoni","LC",0,0,7.10832019354348,4.32035045225343,2.09289071887358,0.00155069022986299,0.697985786718107,0.697985786718107,875,810,511,711
"Bathyraja_aleutica","LC",0,0,10.6647205540268,11.1435086340275,2.45656894925218,0.00492184659911895,0.697985786718107,0.697985786718107,827,675,511,711
"Bathyraja_parmifera","LC",0,0,7.35529875162681,3.99241852412843,2.12289591863451,0.000582753516449789,0.697985786715802,0.697985786715802,873,858,515,713
"Bathyraja_abyssicola","LC",0,0,12.5151617986789,9.39092756865123,2.60381215144209,0.00619725752772562,0.697985786715802,0.697985786715802,798,624,515,713
"Bathyraja_maculata","LC",0,0,8.45324758692887,5.46644855213781,2.24635834246055,0.000799426041610016,0.697985786710269,0.697985786710269,858,847,517,715
"Bathyraja_lindbergi","LC",0,0,8.45324758692887,5.46644855213781,2.24635834246055,0.000799426041610016,0.697985786710269,0.697985786710269,858,847,517,715
"Bathyraja_maccaini","LC",0,0,6.56640140034348,3.77843165905343,2.0237175779814,0.000575676255245729,0.697985782108987,0.697985782108987,877,860,519,717
"Negaprion_brevirostris","VU",2,1,33.7687245597339,34.5333359221472,4.9350126242619,1.28042031730204,0.172218777948117,0.688875111792469,195,184,861,718
"Lamna_ditropis","LC",0,0,48.9559593742177,45.4323845525918,3.91114180476922,0.0287121503315826,0.687691463226788,0.687691463226788,394,424,528,719
"Heterodontus_francisci","LC",0,1,55.6201770640834,79.959544166375,4.03636540691453,0.0272814180377913,0.676299348756684,0.676299348756684,367,428,530,720
"Bathyraja_cousseauae","LC",0,0,10.2433550626437,7.44928986390493,2.41977729304311,0.000249010099974447,0.673363949269147,0.673363949269147,836,874,531,721
"Bathyraja_longicauda","LC",0,0,10.2433550626437,7.44928986390493,2.41977729304311,0.000249010099974447,0.673363949269147,0.673363949269147,836,874,531,721
"Bathyraja_pallida","LC",0,0,13.1167707323437,14.6244911022099,2.64736350423351,0.00541883083883191,0.673363949268654,0.673363949268654,783,652,533,723
"Rhinoraja_kujiensis","LC",0,0,9.74464729534373,5.51451046355247,2.37440770455281,0.0020921679181302,0.673363949248944,0.673363949248944,845,775,534,724
"Bathyraja_spinosissima","LC",0,0,12.3194359356771,14.7491604292099,2.58922431704418,0.00564323277566188,0.673363949248944,0.673363949248944,802,642,534,724
"Bathyraja_eatonii","LC",0,0,9.91395617034373,8.70559970210493,2.39004235284465,0.00239584200941894,0.673363949248944,0.673363949248944,840,762,534,724
"Somniosus_rostratus","LC",0,0,30.6762820233373,55.3182231385531,3.4555681996845,0.00943012468917475,0.663353960227151,0.663353960227151,524,568,540,727
"Hydrolagus_novaezealandiae","LC",0,0,27.2730861164458,21.1432202762734,3.34191033152188,0.00780685775652285,0.661160968225397,0.661160968225397,563,595,541,728
"Hydrolagus_alphus","LC",0,0,27.2730851164458,21.1432192762734,3.34191029615255,0.00780685685652285,0.661160963141045,0.661160963141045,564,596,542,729
"Scyliorhinus_torrei","LC",0,0,22.0676545344607,29.1225890086211,3.13843139967695,0.00649156652898615,0.656909975293049,0.656909975293049,604,617,543,730
"Narcine_bancroftii","LC",0,1,55.8597765953036,58.1204368032344,4.04058817718424,0.00774660760928526,0.656897474007085,0.656897474007085,363,598,545,731
"Hydrolagus_colliei","LC",0,1,89.1017561146284,147.9797670575,4.50093965515275,0.073364591853,0.653317691630953,0.653317691630953,267,353,546,732
"Raja_microocellata","NT",1,0,19.1084075172568,18.6879177456328,3.69428519260906,0.0705148811657274,0.32423787984715,0.6484757596943,445,355,795,733
"Typhlonarke_aysoni","LC",0,1,34.012778820215,27.6341058777418,3.55571310400229,0.0104388136026851,0.645264040620928,0.645264040620928,495,551,547,734
"Scyliorhinus_retifer","LC",0,0,18.8601537975607,14.4997192925053,2.98871540267368,0.00405630322636161,0.64161088925186,0.64161088925186,652,700,548,735
"Scyliorhinus_boa","LC",0,0,23.6276536254607,24.4967270428105,3.20386994269233,0.0126339412418109,0.641610889251326,0.641610889251326,598,524,549,736
"Scyliorhinus_meadi","LC",0,0,18.8601537974607,14.4997192924053,2.98871540266865,0.00405630322627161,0.641610889251326,0.641610889251326,653,701,549,736
"Carcharhinus_falciformis","VU",2,0,23.3798329987576,22.159551494057,4.58005063522165,0.95568074653355,0.15971365002354,0.638854600094161,249,194,865,738
"Centroscyllium_nigrum","LC",0,0,13.4994631325217,15.7086547768066,2.67411162339774,0.0026871622560638,0.636513468309036,0.636513468309036,777,748,555,739
"Centroscyllium_kamoharai","LC",0,0,16.5644572091133,18.0406914206566,2.8658773833965,0.00688426037378737,0.633044604530844,0.633044604530844,697,610,557,740
"Bathyraja_scaphiops","LC",0,0,19.0113882982485,20.1225654284197,2.99630152641126,0.0104897046273303,0.624112930811418,0.624112930811418,646,550,559,741
"Cirrhigaleus_barbifer","LC",0,0,30.6203241400882,56.5572581489766,3.45380008283847,0.0241520404293,0.616827873300764,0.616827873300764,525,451,562,742
"Centroscyllium_ritteri","LC",0,0,14.9652978704467,11.6455653028283,2.77041748370937,0.00472539584948095,0.616820172150553,0.616820172150553,727,682,563,743
"Pristiophorus_japonicus","LC",0,1,40.2785183502291,45.2187355173281,3.72034222785059,0.0227061750443251,0.61588445891714,0.61588445891714,435,454,565,744
"Somniosus_antarcticus","LC",0,0,24.7718519068373,15.1417199996383,3.24928288497855,0.00111852842824527,0.611419446540185,0.611419446540185,584,833,566,745
"Centroscyllium_ornatum","LC",0,0,14.0173651114467,7.50006948491416,2.70920720561073,0.00301988470881574,0.603269279509791,0.603269279509791,757,738,571,746
"Myliobatis_tenuicaudatus","LC",0,0,22.5950955577226,14.4565877918654,3.16103887508423,0.0106561573370602,0.602041153588417,0.602041153588417,602,549,575,747
"Hemitriakis_falcata","LC",0,0,15.6773262331511,9.32372220775485,2.81405008630883,0.0020987637864786,0.600004056570854,0.600004056570854,714,774,583,748
"Hemitriakis_abdita","LC",0,0,20.3582415516511,16.5556699725097,3.06143768634226,0.0103082935012311,0.600004056559111,0.600004056559111,625,552,585,749
"Furgaleus_macki","LC",0,0,34.6427408627178,44.5695358080776,3.5735455037623,0.0261364551498333,0.600004050705427,0.600004050705427,483,433,586,750
"Triakis_semifasciata","LC",0,0,22.6178538553131,16.9807080165194,3.16200294530801,0.0099425581765801,0.6000040506291,0.6000040506291,601,559,589,751
"Squalus_crassispinus","LC",0,0,9.74966709161892,8.77392115860427,2.37487478587265,0.00321627051749768,0.59449850050195,0.59449850050195,844,733,593,752
"Squalus_cubensis","LC",0,0,8.3516801670394,3.44440405801553,2.23555602416658,0.00174041803245632,0.594498494561116,0.594498494561116,860,794,599,753
"Squalus_raoulensis","LC",0,0,8.3516801670394,3.44440405801553,2.23555602416658,0.00174041803245632,0.594498494561116,0.594498494561116,860,794,599,753
"Squalus_griffini","LC",0,0,9.2290015444794,6.41696740976213,2.32522697446512,0.00325373234324235,0.594498494559333,0.594498494559333,848,732,601,755
"Squalus_albifrons","LC",0,0,12.8812173369723,12.1268068664985,2.63053665562567,0.00530112154146822,0.594498494556956,0.594498494556956,789,654,602,756
"Squalus_megalops","LC",0,0,14.8698843043056,18.3638619079971,2.76442324429786,0.00798547755400015,0.594498494556956,0.594498494556956,732,590,602,756
"Squalus_notocaudatus","LC",0,0,11.2546798682223,9.27458301287427,2.50590789409479,0.00448329743851112,0.594498494556956,0.594498494556956,813,684,605,758
"Squalus_lalannei","LC",0,0,10.0150711628723,6.14213317164927,2.39926444077563,0.00124506612178038,0.594498494556362,0.594498494556362,839,829,606,759
"Chimaera_bahamaensis","LC",0,0,25.7961586324458,17.4562391656367,3.28825854263319,0.00908063668003991,0.59092030682422,0.59092030682422,577,573,612,760
"Chimaera_cubana","LC",0,0,25.7961586324458,17.4562391656367,3.28825854263319,0.00908063668003991,0.59092030682422,0.59092030682422,577,573,612,760
"Iago_garricki","LC",0,0,43.4601523449343,44.0386172225776,3.7945933350919,0.0260367004186491,0.581556407036288,0.581556407036288,416,435,621,762
"Iago_omanensis","LC",0,0,43.4601523449343,44.0386172225776,3.7945933350919,0.0260367004186491,0.581556407036288,0.581556407036288,416,435,621,762
"Centroscyllium_fabricii","LC",0,1,14.0173651114467,7.50006948491416,2.70920720561073,0.00301988470881574,0.577610808465753,0.577610808465753,757,738,623,764
"Hemigaleus_australiensis","LC",0,0,34.3471842067608,37.0022329965763,3.56521873448146,0.0179437896679877,0.573147480404453,0.573147480404453,487,480,625,765
"Mustelus_sinusmexicanus","LC",0,0,23.6645976718866,32.2703947975776,3.20536892285133,0.018228770343,0.552553159963873,0.552553159963873,597,479,635,766
"Mustelus_henlei","LC",0,0,14.75903214007,13.5825773350722,2.7574136701118,0.00868048392771486,0.552553159944428,0.552553159944428,735,579,640,767
"Mustelus_californicus","LC",0,0,15.6804453754224,17.3016844141444,2.81423709773854,0.0102225783861003,0.552553159944428,0.552553159944428,713,553,640,767
"Mustelus_albipinnis","LC",0,0,9.0477072261457,4.94527940053403,2.30734447177603,0.00120393208922714,0.552553159942483,0.552553159942483,853,830,644,769
"Mustelus_ravidus","LC",0,0,9.22688428964569,5.12445646403403,2.32501996755685,0.00159862528549758,0.552553153467086,0.552553153467086,849,808,646,770
"Harriotta_raleighana","LC",0,1,55.7237944921364,62.100151673125,4.03819377864875,0.0208123117132981,0.551952472556001,0.551952472556001,365,464,649,771
"Harriotta_haeckeli","LC",0,1,55.7237944921364,62.100151673125,4.03819377864875,0.0208123117132981,0.551952472556001,0.551952472556001,365,464,649,771
"Scyliorhinus_hesperius","LC",0,0,16.9456680521607,12.3090011123553,2.88734875166705,0.00160453747390344,0.536366849602854,0.536366849602854,689,806,657,773
"Scyliorhinus_canicula","LC",0,1,16.9456680521607,12.3090011123553,2.88734875166705,0.00160453747390344,0.522486560069988,0.522486560069988,689,806,660,774
"Scyliorhinus_torazame","LC",0,1,44.0478693700857,59.9686090212422,3.80772568815424,0.0358518300624,0.522486560059533,0.522486560059533,413,405,661,775
"Hemiscyllium_trispeculare","LC",0,0,28.36729657429,28.0821485093262,3.37988169379279,0.0149148637865072,0.52244113364792,0.52244113364792,542,500,662,776
"Raja_brachyura","NT",1,1,19.1084075172568,18.6879177456328,3.69428519260906,0.0705148811657274,0.254351503752527,0.508703007505053,445,355,816,777
"Triakis_megalopterus","LC",0,0,13.3119805915295,16.9780268079138,2.66109699010778,0.00617763969232,0.507464355466041,0.507464355466041,781,625,664,778
"Rhizoprionodon_terraenovae","LC",0,0,13.9150235933845,11.8456773670181,2.70236899982161,0.00287668369193191,0.505023931325411,0.505023931325411,763,740,672,779
"Rhizoprionodon_taylori","LC",0,0,37.3475389343011,43.9733752001444,3.64669035194181,0.0299172053430823,0.50502393128285,0.50502393128285,460,420,673,780
"Urobatis_jamaicensis","LC",0,1,32.5211360222134,34.8587557835645,3.51217616591709,0.0038044526222925,0.496498000274826,0.496498000274826,504,711,683,781
"Fenestraja_mamillidens","LC",0,0,20.4684997850714,17.5561562197578,3.06658673451087,0.000915262421677713,0.493649731450139,0.493649731450139,623,838,684,782
"Fenestraja_atripinna","LC",0,0,20.4684997850714,17.5561562197578,3.06658673451087,0.000915262421677713,0.493649731450139,0.493649731450139,623,838,684,782
"Fenestraja_plutonia","LC",0,0,31.9747436752381,39.9679271480313,3.49574192526727,0.0143177122511748,0.493649731435659,0.493649731435659,509,508,686,784
"Fenestraja_sinusmexicanus","LC",0,0,31.9747436752381,39.9679271480313,3.49574192526727,0.0143177122511748,0.493649731435659,0.493649731435659,509,508,686,784
"Fenestraja_cubensis","LC",0,0,29.6915395310714,34.1036587115156,3.42398703130542,0.0175092633040818,0.493649731435659,0.493649731435659,535,483,686,784
"Fenestraja_ishiyamai","LC",0,0,39.0329637167381,48.7525842020312,3.68970320765426,0.0301201825502327,0.493649731428419,0.493649731428419,448,419,689,787
"Pteroplatytrygon_violacea","LC",0,1,37.4734517856409,32.7142354991877,3.6499684394258,0.0211954445406903,0.482314692076019,0.482314692076019,459,463,690,788
"Taeniura_lymma","LC",0,1,59.1506265663076,68.418965015502,4.0968518590964,0.0462571811010247,0.482314689208759,0.482314689208759,345,381,691,789
"Carcharhinus_albimarginatus","VU",2,0,19.2994170282576,18.079135523557,4.39688652893545,0.667852570764977,0.114809860685956,0.459239442743823,294,214,871,790
"Gurgesiella_furvescens","LC",0,0,17.3962780161374,18.8926442881406,2.91214836242157,0.00254027391819134,0.449132489578493,0.449132489578493,677,754,700,791
"Gurgesiella_atlantica","LC",0,0,17.3962780161374,18.8926442881406,2.91214836242157,0.00254027391819134,0.449132489578493,0.449132489578493,677,754,700,791
"Beringraja_binoculata","LC",0,0,23.1703175034871,23.7532386931414,3.18512533089254,0.0146249902139746,0.448250568483005,0.448250568483005,600,504,702,793
"Dactylobatus_armatus","LC",0,0,19.5189168134038,17.7498624544457,3.02134723203813,0.00803200641050102,0.448250568479093,0.448250568479093,638,588,704,794
"Dactylobatus_clarkii","LC",0,0,19.5189168134038,17.7498624544457,3.02134723203813,0.00803200641050102,0.448250568479093,0.448250568479093,638,588,704,794
"Dipturus_acrobelus","LC",0,0,26.5802906801014,28.7725890472914,3.31710141183468,0.0221565732966,0.448250560669168,0.448250560669168,573,458,709,796
"Zearaja_nasuta","LC",0,0,12.4841422367288,9.54225428813223,2.60151434587216,0.00741384798281039,0.448250560661423,0.448250560661423,800,604,711,797
"Dipturus_teevani","LC",0,0,13.1018739369551,9.90065578723071,2.64630769188341,0.00554553972191169,0.448250560659779,0.448250560659779,784,649,715,798
"Dipturus_apricus","LC",0,0,10.2691222639855,8.90668104057786,2.42206644249743,0.000354807576955235,0.448250560658215,0.448250560658215,834,867,716,799
"Dipturus_springeri","LC",0,0,10.2691222639855,8.90668104057786,2.42206644249743,0.000354807576955235,0.448250560658215,0.448250560658215,834,867,716,799
"Dentiraja_lemprieri","LC",0,0,9.48505548045595,6.98186280675348,2.34995095575199,0.00492619785856934,0.448250560655868,0.448250560655868,847,674,720,801
"Dipturus_olseni","LC",0,0,7.69689350360595,7.81929562136393,2.16296589334534,0.00138640804347349,0.44825056065352,0.44825056065352,866,818,724,802
"Dipturus_doutrei","LC",0,0,14.1714805172254,13.1880329994557,2.71941738366924,0.00819979560300237,0.448250560649608,0.448250560649608,754,585,727,803
"Dipturus_innominatus","LC",0,0,10.7298262094393,9.40128549330696,2.46213484665105,0.00564158740020909,0.448250560649608,0.448250560649608,826,643,727,803
"Dipturus_wengi","LC",0,0,15.6271317150371,17.5683605158914,2.81103580178287,0.00199825637762219,0.448250560647261,0.448250560647261,717,779,731,805
"Dipturus_oregoni","LC",0,0,15.6271317150371,17.5683605158914,2.81103580178287,0.00199825637762219,0.448250560647261,0.448250560647261,717,779,731,805
"Dipturus_bullisi","LC",0,0,19.6916004450551,20.8024460863229,3.02972784232092,0.0145100891398761,0.448250560645696,0.448250560645696,633,507,733,807
"Dipturus_garricki","LC",0,0,16.7012498907188,15.7073520429779,2.87363525238149,0.0125900596576521,0.448250560645696,0.448250560645696,694,525,733,807
"Dipturus_laevis","LC",0,0,16.0681795853921,17.3124043494114,2.83721588702995,0.0107179201498327,0.448250560622224,0.448250560622224,710,548,735,809
"Breviraja_nigriventralis","LC",0,0,16.2050150880867,15.9073014338427,2.84520091620848,0.000826939192452903,0.430541088802849,0.430541088802849,705,843,740,810
"Breviraja_colesi","LC",0,0,16.2050150880867,15.9073014338427,2.84520091620848,0.000826939192452903,0.430541088802849,0.430541088802849,705,843,740,810
"Breviraja_claramaculata","LC",0,0,17.2859867577867,16.9882731035427,2.90613501556975,0.00277181261562615,0.430541088760174,0.430541088760174,680,742,743,812
"Breviraja_spinosa","LC",0,0,17.2859867577867,16.9882731035427,2.90613501556975,0.00277181261562615,0.430541088760174,0.430541088760174,680,742,743,812
"Raja_miraletus","LC",0,0,13.7804693777734,15.0450696166906,2.69330667264593,0.000559429006641123,0.42724309874032,0.42724309874032,766,861,747,814
"Raja_polystigma","LC",0,0,13.7804693777734,15.0450696166906,2.69330667264593,0.000559429006641123,0.42724309874032,0.42724309874032,766,861,747,814
"Hydrolagus_trolli","LC",0,0,19.5914758319458,8.02115725231836,3.0248771955932,0.00162611369572343,0.423045665816813,0.423045665816813,635,800,749,816
"Carcharhinus_sorrah","NT",1,0,11.8303013241028,10.3578026386392,3.24495684481216,0.0152545448793563,0.207748921887851,0.415497843775702,585,499,839,817
"Carcharhinus_macloti","NT",1,0,20.5087198984743,19.6812576210785,3.7616056101428,0.127147244457277,0.207748921872565,0.41549784374513,422,320,841,818
"Carcharhinus_isodon","NT",1,0,16.3229312602298,16.5100351272785,3.54517831072729,0.0909285436507345,0.207748921855095,0.41549784371019,498,335,843,819
"Carcharhinus_altimus","NT",1,0,12.7700531229588,10.5850699743896,3.31564335116953,0.0449584832872113,0.207748910884861,0.415497821769721,575,384,855,820
"Hemiscyllium_ocellatum","LC",0,1,20.96364198329,14.9234106986631,3.08938844912397,0.00193011226029661,0.414731144650227,0.414731144650227,613,785,751,821
"Okamejei_heemstrai","LC",0,0,28.3664125369836,29.0681386847664,3.37985159055838,0.0213652746222712,0.412159214366134,0.412159214366134,543,462,753,822
"Hydrolagus_affinis","LC",0,1,20.5120694299458,14.2363533881367,3.06861414645977,0.00328243649085945,0.408957311983265,0.408957311983265,621,729,754,823
"Hydrolagus_mirabilis","LC",0,1,19.5914758319458,8.02115725231836,3.0248771955932,0.00162611369572343,0.408957311982913,0.408957311982913,635,800,755,824
"Amblyraja_radiata","VU",2,1,13.8330499436012,16.5771906734551,4.08315215651571,0.421933634363681,0.101228635901988,0.404914543607952,349,248,872,825
"Raja_asterias","LC",0,0,16.4817698819234,17.5939576851328,2.86115861692805,0.00783565071643146,0.404891932472482,0.404891932472482,699,594,757,826
"Okamejei_leptoura","LC",0,0,15.9534189678169,18.1479279321332,2.83046952250168,0.00612083816160232,0.39953081192277,0.39953081192277,711,630,763,827
"Mustelus_antarcticus","LC",0,0,7.92768052349165,2.76506463074649,2.18915662133961,7.90684929609338e-05,0.395212392084578,0.395212392084578,864,876,767,828
"Mustelus_lenticulatus","LC",0,0,9.01015250241165,5.44325021333298,2.30359982821724,0.00202664125278594,0.395212392083897,0.395212392083897,854,776,768,829
"Mustelus_stevensi","LC",0,0,7.92767952349165,2.76506363074649,2.18915650932843,7.90675929609338e-05,0.395212383578094,0.395212383578094,865,877,769,830
"Neoraja_iberica","LC",0,0,17.802872863397,18.2159340849102,2.93400967004417,0.00665771586514846,0.382203993641182,0.382203993641182,671,614,772,831
"Neoraja_stehmanni","LC",0,0,21.3460662185636,22.0473036529102,3.10665029745037,0.0135503778301621,0.382203993641182,0.382203993641182,608,518,772,831
"Neoraja_africana","LC",0,0,17.802872863397,18.2159340849102,2.93400967004417,0.00665771586514846,0.382203993641182,0.382203993641182,671,614,772,831
"Neoraja_caerulea","LC",0,0,17.2433238765636,14.4488969344551,2.90379919811906,0.00616876483585913,0.382203993641182,0.382203993641182,682,626,772,831
"Neoraja_carolinensis","LC",0,0,17.2433238765636,14.4488969344551,2.90379919811906,0.00616876483585913,0.382203993641182,0.382203993641182,682,626,772,831
"Mustelus_palumbes","LC",0,0,8.96902967257831,5.02669545583298,2.29948325452107,0.00128670185046999,0.372378894189874,0.372378894189874,855,824,778,836
"Raja_montagui","LC",0,0,20.9929411712568,27.4575670992656,3.0907215460211,0.0123187853853713,0.346455266025649,0.346455266025649,612,529,787,837
"Squalus_suckleyi","LC",0,1,17.9686141308977,22.1595619924941,2.94278572544784,0.00403848153560655,0.337516333411809,0.337516333411809,668,702,788,838
"Carcharhinus_amblyrhynchos","EN",3,1,19.2994170282576,18.079135523557,5.09003370949539,4.60195160495698,0.0416284292491996,0.333027433993597,163,112,875,839
"Myliobatis_californicus","LC",0,1,32.6303600893929,43.1483589798457,3.5154292330809,0.0199718331495013,0.323860966881571,0.323860966881571,503,470,796,840
"Okamejei_arafurensis","LC",0,0,17.2876917134836,19.1486324911332,2.90622824959866,0.00792052624219222,0.317136556306912,0.317136556306912,679,593,798,841
"Leucoraja_leucosticta","NT",1,0,11.6096498628882,11.3105462395852,3.22760956352861,0.00233291191195304,0.156144952162697,0.312289904325394,590,765,866,842
"Leucoraja_naevus","NT",1,1,11.6096498628882,11.3105462395852,3.22760956352861,0.00233291191195304,0.153744420395105,0.307488840790209,590,765,867,843
"Carcharhinus_tilstoni","LC",0,0,10.2413781708551,5.26632940314349,2.41960145001458,0.00281697578706802,0.268191764087958,0.268191764087958,838,741,804,844
"Carcharhinus_cautus","LC",0,0,14.4180863334068,11.072598123682,2.73554125754187,0.00527976165594268,0.268191753944685,0.268191753944685,742,655,807,845
"Carcharhinus_fitzroyensis","LC",0,0,23.7653791655734,24.9282773667279,3.20944667646503,0.0182354024560545,0.268191753883839,0.268191753883839,596,478,810,846
"Leucoraja_lentiginosa","LC",0,0,14.9635432839215,21.4052645270703,2.7703075776518,0.00556476930492242,0.266675014180478,0.266675014180478,730,646,813,847
"Malacoraja_obscura","LC",0,0,13.688856185897,22.8288680378203,2.68708912370274,0.00392895330109447,0.2602741357173,0.2602741357173,771,707,814,848
"Malacoraja_kreffti","LC",0,0,11.1602757526303,6.20276345160508,2.49817455330642,0.000277980739435968,0.23802010812411,0.23802010812411,815,869,817,849
"Malacoraja_spinacidermis","LC",0,0,11.1602757526303,6.20276345160508,2.49817455330642,0.000277980739435968,0.23802010812411,0.23802010812411,815,869,817,849
"Rajella_bathyphila","LC",0,0,16.5184045198095,17.2192204339025,2.86325201514055,0.0119095821,0.233646429369297,0.233646429369297,698,536,819,851
"Rajella_annandalei","LC",0,0,15.8079160369095,14.8115931018013,2.82184996810599,0.011163569193,0.233646429366122,0.233646429366122,712,542,820,852
"Rajella_bigelowi","LC",0,0,7.39530064532617,3.49962903372516,2.12767210231543,0.000599167347652474,0.233646429337541,0.233646429337541,870,855,821,853
"Rajella_ravidula","LC",0,0,7.55035207887617,6.33365816725032,2.14597246091677,0.000878134336381298,0.233646429337541,0.233646429337541,867,840,821,853
"Rajella_nigerrima","LC",0,0,7.39530064532617,3.49962903372516,2.12767210231543,0.000599167347652474,0.233646429337541,0.233646429337541,870,855,821,853
"Rajella_caudaspinosa","LC",0,0,11.4528624119095,9.26054091695032,2.52195050908804,0.00614652186364628,0.233646429334366,0.233646429334366,811,628,824,856
"Rajella_eisenhardti","LC",0,0,8.89380577831903,4.80439440896282,2.29190888236411,0.00127523585679139,0.233646429329073,0.233646429329073,856,825,825,857
"Rajella_kukujevi","LC",0,0,9.68377341081903,8.19257259092564,2.36872608675054,0.00269653772150906,0.233646429329073,0.233646429329073,846,747,825,857
"Rajella_dissimilis","LC",0,0,18.454513244319,18.1126287787025,2.96807908655627,0.0137883448539001,0.233646429329073,0.233646429329073,656,515,825,857
"Rajella_lintea","LC",0,0,8.89380577831903,4.80439440896282,2.29190888236411,0.00127523585679139,0.233646429329073,0.233646429329073,856,825,825,857
"Rajella_barnardi","LC",0,0,13.463244816819,13.3889936898513,2.67161059106021,0.00779882274199173,0.233646429329073,0.233646429329073,779,597,825,857
"Rajella_fyllae","LC",0,0,11.1248766455095,7.71701882557516,2.49525926320557,0.00555641315331642,0.233646429325897,0.233646429325897,817,647,830,862
"Rajella_purpuriventralis","LC",0,0,11.1248766455095,7.71701882557516,2.49525926320557,0.00555641315331642,0.233646429325897,0.233646429325897,817,647,830,862
"Rajella_challengeri","LC",0,0,13.055495745419,12.3515702160025,2.64301347555567,0.00342359465454135,0.233646429321663,0.233646429321663,785,723,832,864
"Rajella_sadowskii","LC",0,0,13.055495745119,12.3515702157025,2.64301347553433,0.00342359465427135,0.233646429318487,0.233646429318487,786,724,833,865
"Rajella_fuliginea","LC",0,0,19.9271531053095,21.2055718618051,3.04104750739316,0.015415723503,0.233646429305785,0.233646429305785,626,498,834,866
"Carcharhinus_coatesi","LC",0,0,11.0569213023965,7.81840329431962,2.48963887698411,0.00483899605089074,0.207748910903641,0.207748910903641,819,676,853,867
"Leucoraja_yucatanensis","LC",0,0,27.6850225313036,34.2752693998203,3.35637512352689,0.0214445078195368,0.206761300228755,0.206761300228755,555,459,857,868
"Leucoraja_pristispina","LC",0,0,19.1056707915535,17.8598887927051,3.00100190420716,0.00724728759211959,0.182058446554995,0.182058446554995,641,605,858,869
"Leucoraja_garmani","LC",0,0,19.1056707915535,17.8598887927051,3.00100190420716,0.00724728759211959,0.182058446554995,0.182058446554995,641,605,858,869
"Amblyraja_jenseni","LC",0,0,9.7529378082795,5.79988371395877,2.37517900172938,0.00161716344813399,0.160409204745682,0.160409204745682,842,804,862,871
"Amblyraja_hyperborea","LC",0,0,9.7529378082795,5.79988371395877,2.37517900172938,0.00161716344813399,0.160409204745682,0.160409204745682,842,804,862,871
"Amblyraja_doellojuradoi","LC",0,0,10.3696723159345,9.80347570522754,2.43094948728861,0.00272678600758223,0.160409204737728,0.160409204737728,829,744,864,873
"Carcharhinus_galapagensis","LC",0,0,10.6474778456106,6.37479036373199,2.45508966263451,0.00356405561634712,0.125295215996403,0.125295215996403,828,718,869,874
"Prionace_glauca","NT",1,1,23.3798329987576,22.159551494057,3.8869034546617,0.13287477225755,0.0416284292560238,0.0832568585120477,397,318,874,875
"Leucoraja_erinacea","LC",0,1,20.6788773055535,19.4330953067051,3.07633839043138,0.0119744767178808,0,0,620,534,876,876
"Leucoraja_ocellata","EN",3,1,20.6788773055535,19.4330953067051,5.15577993211121,4.78806753717288,0,0,154,110,876,876
